"","iucn_sid","kingdom","phylum","class","order","family","genus","sciname","population","category"
"1",165871,"ANIMALIA","CHORDATA","ACTINOPTERYGII","PERCIFORMES","POMACANTHIDAE","Centropyge","Centropyge bispinosa",NA,"LC"
"2",165878,"ANIMALIA","CHORDATA","ACTINOPTERYGII","PERCIFORMES","POMACANTHIDAE","Centropyge","Centropyge flavissima",NA,"LC"
"3",165828,"ANIMALIA","CHORDATA","ACTINOPTERYGII","PERCIFORMES","POMACANTHIDAE","Centropyge","Centropyge fisheri",NA,"LC"
"4",165862,"ANIMALIA","CHORDATA","ACTINOPTERYGII","PERCIFORMES","POMACANTHIDAE","Pomacanthus","Pomacanthus imperator",NA,"LC"
"5",165841,"ANIMALIA","CHORDATA","ACTINOPTERYGII","PERCIFORMES","POMACANTHIDAE","Apolemichthys","Apolemichthys xanthopunctatus",NA,"LC"
"6",165897,"ANIMALIA","CHORDATA","ACTINOPTERYGII","PERCIFORMES","POMACANTHIDAE","Centropyge","Centropyge nigriocellus",NA,"LC"
"7",155308,"ANIMALIA","CHORDATA","ACTINOPTERYGII","PERCIFORMES","POMACANTHIDAE","Centropyge","Centropyge loricula",NA,"LC"
"8",194307,"ANIMALIA","CHORDATA","ACTINOPTERYGII","ELOPIFORMES","ELOPIDAE","Elops","Elops hawaiensis",NA,"DD"
"9",165681,"ANIMALIA","CHORDATA","ACTINOPTERYGII","PERCIFORMES","CHAETODONTIDAE","Chaetodon","Chaetodon ephippium",NA,"LC"
"10",165631,"ANIMALIA","CHORDATA","ACTINOPTERYGII","PERCIFORMES","CHAETODONTIDAE","Chaetodon","Chaetodon auriga",NA,"LC"
"11",165725,"ANIMALIA","CHORDATA","ACTINOPTERYGII","PERCIFORMES","CHAETODONTIDAE","Chaetodon","Chaetodon semeion",NA,"LC"
"12",165669,"ANIMALIA","CHORDATA","ACTINOPTERYGII","PERCIFORMES","CHAETODONTIDAE","Chaetodon","Chaetodon lineolatus",NA,"LC"
"13",165668,"ANIMALIA","CHORDATA","ACTINOPTERYGII","PERCIFORMES","CHAETODONTIDAE","Chaetodon","Chaetodon citrinellus",NA,"LC"
"14",165712,"ANIMALIA","CHORDATA","ACTINOPTERYGII","PERCIFORMES","CHAETODONTIDAE","Chaetodon","Chaetodon trifascialis",NA,"NT"
"15",165678,"ANIMALIA","CHORDATA","ACTINOPTERYGII","PERCIFORMES","CHAETODONTIDAE","Chaetodon","Chaetodon quadrimaculatus",NA,"LC"
"16",165667,"ANIMALIA","CHORDATA","ACTINOPTERYGII","PERCIFORMES","CHAETODONTIDAE","Forcipiger","Forcipiger longirostris",NA,"LC"
"17",154788,"ANIMALIA","CHORDATA","ACTINOPTERYGII","PERCIFORMES","CHAETODONTIDAE","Hemitaurichthys","Hemitaurichthys thompsoni",NA,"LC"
"18",165632,"ANIMALIA","CHORDATA","ACTINOPTERYGII","PERCIFORMES","CHAETODONTIDAE","Chaetodon","Chaetodon punctatofasciatus",NA,"LC"
"19",165638,"ANIMALIA","CHORDATA","ACTINOPTERYGII","PERCIFORMES","CHAETODONTIDAE","Chaetodon","Chaetodon meyeri",NA,"LC"
"20",165628,"ANIMALIA","CHORDATA","ACTINOPTERYGII","PERCIFORMES","CHAETODONTIDAE","Chaetodon","Chaetodon kleinii",NA,"LC"
"21",165686,"ANIMALIA","CHORDATA","ACTINOPTERYGII","PERCIFORMES","CHAETODONTIDAE","Chaetodon","Chaetodon bennetti",NA,"DD"
"22",165672,"ANIMALIA","CHORDATA","ACTINOPTERYGII","PERCIFORMES","CHAETODONTIDAE","Hemitaurichthys","Hemitaurichthys polylepis",NA,"LC"
"23",165651,"ANIMALIA","CHORDATA","ACTINOPTERYGII","PERCIFORMES","CHAETODONTIDAE","Chaetodon","Chaetodon lunula",NA,"LC"
"24",165641,"ANIMALIA","CHORDATA","ACTINOPTERYGII","PERCIFORMES","CHAETODONTIDAE","Chaetodon","Chaetodon ornatissimus",NA,"LC"
"25",165713,"ANIMALIA","CHORDATA","ACTINOPTERYGII","PERCIFORMES","CHAETODONTIDAE","Chaetodon","Chaetodon reticulatus",NA,"DD"
"26",165704,"ANIMALIA","CHORDATA","ACTINOPTERYGII","PERCIFORMES","CHAETODONTIDAE","Chaetodon","Chaetodon lunulatus",NA,"LC"
"27",165665,"ANIMALIA","CHORDATA","ACTINOPTERYGII","PERCIFORMES","CHAETODONTIDAE","Chaetodon","Chaetodon ulietensis",NA,"LC"
"28",165716,"ANIMALIA","CHORDATA","ACTINOPTERYGII","PERCIFORMES","CHAETODONTIDAE","Forcipiger","Forcipiger flavissimus",NA,"LC"
"29",165714,"ANIMALIA","CHORDATA","ACTINOPTERYGII","PERCIFORMES","CHAETODONTIDAE","Chaetodon","Chaetodon unimaculatus",NA,"LC"
"30",165630,"ANIMALIA","CHORDATA","ACTINOPTERYGII","PERCIFORMES","CHAETODONTIDAE","Chaetodon","Chaetodon vagabundus",NA,"LC"
"31",165626,"ANIMALIA","CHORDATA","ACTINOPTERYGII","PERCIFORMES","CHAETODONTIDAE","Heniochus","Heniochus acuminatus",NA,"LC"
"32",60210,"ANIMALIA","CHORDATA","CHONDRICHTHYES","SQUALIFORMES","DALATIIDAE","Euprotomicrus","Euprotomicrus bispinatus",NA,"LC"
"33",161696,"ANIMALIA","CHORDATA","CHONDRICHTHYES","LAMNIFORMES","ALOPIIDAE","Alopias","Alopias superciliosus",NA,"VU"
"34",39365,"ANIMALIA","CHORDATA","CHONDRICHTHYES","CARCHARHINIFORMES","CARCHARHINIDAE","Carcharhinus","Carcharhinus amblyrhynchos",NA,"NT"
"35",39381,"ANIMALIA","CHORDATA","CHONDRICHTHYES","CARCHARHINIFORMES","CARCHARHINIDAE","Prionace","Prionace glauca",NA,"NT"
"36",161597,"ANIMALIA","CHORDATA","CHONDRICHTHYES","LAMNIFORMES","ALOPIIDAE","Alopias","Alopias pelagicus",NA,"VU"
"37",39415,"ANIMALIA","CHORDATA","CHONDRICHTHYES","MYLIOBATIFORMES","AETOBATIDAE","Aetobatus","Aetobatus narinari",NA,"NT"
"38",3855,"ANIMALIA","CHORDATA","CHONDRICHTHYES","LAMNIFORMES","LAMNIDAE","Carcharodon","Carcharodon carcharias",NA,"VU"
"39",42566169,"ANIMALIA","CHORDATA","CHONDRICHTHYES","MYLIOBATIFORMES","AETOBATIDAE","Aetobatus","Aetobatus ocellatus",NA,"VU"
"40",39384,"ANIMALIA","CHORDATA","CHONDRICHTHYES","CARCHARHINIFORMES","CARCHARHINIDAE","Triaenodon","Triaenodon obesus",NA,"NT"
"41",39339,"ANIMALIA","CHORDATA","CHONDRICHTHYES","LAMNIFORMES","ALOPIIDAE","Alopias","Alopias vulpinus",NA,"VU"
"42",60225,"ANIMALIA","CHORDATA","CHONDRICHTHYES","LAMNIFORMES","LAMNIDAE","Isurus","Isurus paucus",NA,"EN"
"43",39337,"ANIMALIA","CHORDATA","CHONDRICHTHYES","LAMNIFORMES","PSEUDOCARCHARIIDAE","Pseudocarcharias","Pseudocarcharias kamoharai",NA,"LC"
"44",39378,"ANIMALIA","CHORDATA","CHONDRICHTHYES","CARCHARHINIFORMES","CARCHARHINIDAE","Galeocerdo","Galeocerdo cuvier",NA,"NT"
"45",161731,"ANIMALIA","CHORDATA","CHONDRICHTHYES","MYLIOBATIFORMES","DASYATIDAE","Pteroplatytrygon","Pteroplatytrygon violacea",NA,"LC"
"46",39338,"ANIMALIA","CHORDATA","CHONDRICHTHYES","LAMNIFORMES","MEGACHASMIDAE","Megachasma","Megachasma pelagios",NA,"LC"
"47",39341,"ANIMALIA","CHORDATA","CHONDRICHTHYES","LAMNIFORMES","LAMNIDAE","Isurus","Isurus oxyrinchus",NA,"EN"
"48",195459,"ANIMALIA","CHORDATA","CHONDRICHTHYES","RAJIFORMES","MOBULIDAE","Mobula","Mobula alfredi",NA,"VU"
"49",39370,"ANIMALIA","CHORDATA","CHONDRICHTHYES","CARCHARHINIFORMES","CARCHARHINIDAE","Carcharhinus","Carcharhinus falciformis",NA,"VU"
"50",198921,"ANIMALIA","CHORDATA","CHONDRICHTHYES","RAJIFORMES","MOBULIDAE","Mobula","Mobula birostris",NA,"VU"
"51",19488,"ANIMALIA","CHORDATA","CHONDRICHTHYES","ORECTOLOBIFORMES","RHINCODONTIDAE","Rhincodon","Rhincodon typus",NA,"EN"
"52",39374,"ANIMALIA","CHORDATA","CHONDRICHTHYES","CARCHARHINIFORMES","CARCHARHINIDAE","Carcharhinus","Carcharhinus longimanus",NA,"VU"
"53",48342260,"ANIMALIA","CHORDATA","ACTINOPTERYGII","PERCIFORMES","BLENNIIDAE","Entomacrodus","Entomacrodus cymatobiotus",NA,"LC"
"54",48342422,"ANIMALIA","CHORDATA","ACTINOPTERYGII","PERCIFORMES","BLENNIIDAE","Blenniella","Blenniella gibbifrons",NA,"LC"
"55",48342248,"ANIMALIA","CHORDATA","ACTINOPTERYGII","PERCIFORMES","BLENNIIDAE","Cirripectes","Cirripectes polyzona",NA,"LC"
"56",48342346,"ANIMALIA","CHORDATA","ACTINOPTERYGII","PERCIFORMES","BLENNIIDAE","Aspidontus","Aspidontus taeniatus",NA,"LC"
"57",48342402,"ANIMALIA","CHORDATA","ACTINOPTERYGII","PERCIFORMES","BLENNIIDAE","Cirripectes","Cirripectes variolosus",NA,"LC"
"58",48342105,"ANIMALIA","CHORDATA","ACTINOPTERYGII","PERCIFORMES","BLENNIIDAE","Cirripectes","Cirripectes auritus",NA,"LC"
"59",178932,"ANIMALIA","CHORDATA","ACTINOPTERYGII","PERCIFORMES","TRIPTERYGIIDAE","Enneapterygius","Enneapterygius tutuilae",NA,"LC"
"60",48342306,"ANIMALIA","CHORDATA","ACTINOPTERYGII","PERCIFORMES","BLENNIIDAE","Cirripectes","Cirripectes jenningsi",NA,"LC"
"61",48342126,"ANIMALIA","CHORDATA","ACTINOPTERYGII","PERCIFORMES","BLENNIIDAE","Blenniella","Blenniella paula",NA,"LC"
"62",48342265,"ANIMALIA","CHORDATA","ACTINOPTERYGII","PERCIFORMES","BLENNIIDAE","Entomacrodus","Entomacrodus thalassinus",NA,"LC"
"63",48342168,"ANIMALIA","CHORDATA","ACTINOPTERYGII","PERCIFORMES","BLENNIIDAE","Omobranchus","Omobranchus obliquus",NA,"LC"
"64",46079801,"ANIMALIA","CHORDATA","ACTINOPTERYGII","PERCIFORMES","BLENNIIDAE","Istiblennius","Istiblennius edentulus",NA,"LC"
"65",48342137,"ANIMALIA","CHORDATA","ACTINOPTERYGII","PERCIFORMES","BLENNIIDAE","Exallias","Exallias brevis",NA,"LC"
"66",48342428,"ANIMALIA","CHORDATA","ACTINOPTERYGII","PERCIFORMES","BLENNIIDAE","Cirripectes","Cirripectes quagga",NA,"LC"
"67",48342519,"ANIMALIA","CHORDATA","ACTINOPTERYGII","PERCIFORMES","BLENNIIDAE","Rhabdoblennius","Rhabdoblennius rhabdotrachelus",NA,"LC"
"68",48342477,"ANIMALIA","CHORDATA","ACTINOPTERYGII","PERCIFORMES","BLENNIIDAE","Plagiotremus","Plagiotremus rhinorhynchos",NA,"LC"
"69",48342366,"ANIMALIA","CHORDATA","ACTINOPTERYGII","PERCIFORMES","BLENNIIDAE","Plagiotremus","Plagiotremus tapeinosoma",NA,"LC"
"70",48342213,"ANIMALIA","CHORDATA","ACTINOPTERYGII","PERCIFORMES","BLENNIIDAE","Entomacrodus","Entomacrodus striatus",NA,"LC"
"71",48342333,"ANIMALIA","CHORDATA","ACTINOPTERYGII","PERCIFORMES","BLENNIIDAE","Ecsenius","Ecsenius midas",NA,"LC"
"72",48342309,"ANIMALIA","CHORDATA","ACTINOPTERYGII","PERCIFORMES","BLENNIIDAE","Petroscirtes","Petroscirtes xestus",NA,"LC"
"73",192811,"ANIMALIA","MOLLUSCA","GASTROPODA","NEOGASTROPODA","CONIDAE","Conus","Conus planorbis",NA,"LC"
"74",192634,"ANIMALIA","MOLLUSCA","GASTROPODA","NEOGASTROPODA","CONIDAE","Conus","Conus miles",NA,"LC"
"75",192636,"ANIMALIA","MOLLUSCA","GASTROPODA","NEOGASTROPODA","CONIDAE","Conus","Conus coronatus",NA,"LC"
"76",192506,"ANIMALIA","MOLLUSCA","GASTROPODA","NEOGASTROPODA","CONIDAE","Conus","Conus pulicarius",NA,"LC"
"77",192844,"ANIMALIA","MOLLUSCA","GASTROPODA","NEOGASTROPODA","CONIDAE","Conus","Conus lividus",NA,"LC"
"78",192879,"ANIMALIA","MOLLUSCA","GASTROPODA","NEOGASTROPODA","CONIDAE","Conus","Conus pertusus",NA,"LC"
"79",192611,"ANIMALIA","MOLLUSCA","GASTROPODA","NEOGASTROPODA","CONIDAE","Conus","Conus ebraeus",NA,"LC"
"80",192815,"ANIMALIA","MOLLUSCA","GASTROPODA","NEOGASTROPODA","CONIDAE","Conus","Conus auricomus",NA,"LC"
"81",192704,"ANIMALIA","MOLLUSCA","GASTROPODA","NEOGASTROPODA","CONIDAE","Conus","Conus acutangulus",NA,"LC"
"82",192297,"ANIMALIA","MOLLUSCA","GASTROPODA","NEOGASTROPODA","CONIDAE","Conus","Conus bullatus",NA,"LC"
"83",192296,"ANIMALIA","MOLLUSCA","GASTROPODA","NEOGASTROPODA","CONIDAE","Conus","Conus sanguinolentus",NA,"LC"
"84",192587,"ANIMALIA","MOLLUSCA","GASTROPODA","NEOGASTROPODA","CONIDAE","Conus","Conus bandanus",NA,"LC"
"85",192754,"ANIMALIA","MOLLUSCA","GASTROPODA","NEOGASTROPODA","CONIDAE","Conus","Conus coffeae",NA,"LC"
"86",192567,"ANIMALIA","MOLLUSCA","GASTROPODA","NEOGASTROPODA","CONIDAE","Conus","Conus mitratus",NA,"LC"
"87",192694,"ANIMALIA","MOLLUSCA","GASTROPODA","NEOGASTROPODA","CONIDAE","Conus","Conus varius",NA,"LC"
"88",192789,"ANIMALIA","MOLLUSCA","GASTROPODA","NEOGASTROPODA","CONIDAE","Conus","Conus tulipa",NA,"LC"
"89",192778,"ANIMALIA","MOLLUSCA","GASTROPODA","NEOGASTROPODA","CONIDAE","Conus","Conus vexillum",NA,"LC"
"90",192812,"ANIMALIA","MOLLUSCA","GASTROPODA","NEOGASTROPODA","CONIDAE","Conus","Conus quercinus",NA,"LC"
"91",192424,"ANIMALIA","MOLLUSCA","GASTROPODA","NEOGASTROPODA","CONIDAE","Conus","Conus obscurus",NA,"LC"
"92",192700,"ANIMALIA","MOLLUSCA","GASTROPODA","NEOGASTROPODA","CONIDAE","Conus","Conus eburneus",NA,"LC"
"93",192428,"ANIMALIA","MOLLUSCA","GASTROPODA","NEOGASTROPODA","CONIDAE","Conus","Conus rattus",NA,"LC"
"94",192440,"ANIMALIA","MOLLUSCA","GASTROPODA","NEOGASTROPODA","CONIDAE","Conus","Conus circumactus",NA,"LC"
"95",192521,"ANIMALIA","MOLLUSCA","GASTROPODA","NEOGASTROPODA","CONIDAE","Conus","Conus retifer",NA,"LC"
"96",192593,"ANIMALIA","MOLLUSCA","GASTROPODA","NEOGASTROPODA","CONIDAE","Conus","Conus imperialis",NA,"LC"
"97",192321,"ANIMALIA","MOLLUSCA","GASTROPODA","NEOGASTROPODA","CONIDAE","Conus","Conus striatus",NA,"LC"
"98",192737,"ANIMALIA","MOLLUSCA","GASTROPODA","NEOGASTROPODA","CONIDAE","Conus","Conus canonicus",NA,"LC"
"99",192316,"ANIMALIA","MOLLUSCA","GASTROPODA","NEOGASTROPODA","CONIDAE","Conus","Conus textile",NA,"LC"
"100",192367,"ANIMALIA","MOLLUSCA","GASTROPODA","NEOGASTROPODA","CONIDAE","Conus","Conus catus",NA,"LC"
"101",192318,"ANIMALIA","MOLLUSCA","GASTROPODA","NEOGASTROPODA","CONIDAE","Conus","Conus nussatella",NA,"LC"
"102",192460,"ANIMALIA","MOLLUSCA","GASTROPODA","NEOGASTROPODA","CONIDAE","Conus","Conus generalis",NA,"LC"
"103",192722,"ANIMALIA","MOLLUSCA","GASTROPODA","NEOGASTROPODA","CONIDAE","Conus","Conus glans",NA,"LC"
"104",192564,"ANIMALIA","MOLLUSCA","GASTROPODA","NEOGASTROPODA","CONIDAE","Conus","Conus moreleti",NA,"LC"
"105",192562,"ANIMALIA","MOLLUSCA","GASTROPODA","NEOGASTROPODA","CONIDAE","Conus","Conus flavidus",NA,"LC"
"106",192743,"ANIMALIA","MOLLUSCA","GASTROPODA","NEOGASTROPODA","CONIDAE","Conus","Conus tessulatus",NA,"LC"
"107",192664,"ANIMALIA","MOLLUSCA","GASTROPODA","NEOGASTROPODA","CONIDAE","Conus","Conus episcopatus",NA,"LC"
"108",192419,"ANIMALIA","MOLLUSCA","GASTROPODA","NEOGASTROPODA","CONIDAE","Conus","Conus frigidus",NA,"LC"
"109",192674,"ANIMALIA","MOLLUSCA","GASTROPODA","NEOGASTROPODA","CONIDAE","Conus","Conus sponsalis",NA,"LC"
"110",192853,"ANIMALIA","MOLLUSCA","GASTROPODA","NEOGASTROPODA","CONIDAE","Conus","Conus virgo",NA,"LC"
"111",192793,"ANIMALIA","MOLLUSCA","GASTROPODA","NEOGASTROPODA","CONIDAE","Conus","Conus cylindraceus",NA,"LC"
"112",192342,"ANIMALIA","MOLLUSCA","GASTROPODA","NEOGASTROPODA","CONIDAE","Conus","Conus emaciatus",NA,"LC"
"113",192305,"ANIMALIA","MOLLUSCA","GASTROPODA","NEOGASTROPODA","CONIDAE","Conus","Conus distans",NA,"LC"
"114",192719,"ANIMALIA","MOLLUSCA","GASTROPODA","NEOGASTROPODA","CONIDAE","Conus","Conus litteratus",NA,"LC"
"115",192586,"ANIMALIA","MOLLUSCA","GASTROPODA","NEOGASTROPODA","CONIDAE","Conus","Conus terebra",NA,"LC"
"116",192870,"ANIMALIA","MOLLUSCA","GASTROPODA","NEOGASTROPODA","CONIDAE","Conus","Conus arenatus",NA,"LC"
"117",192563,"ANIMALIA","MOLLUSCA","GASTROPODA","NEOGASTROPODA","CONIDAE","Conus","Conus aulicus",NA,"LC"
"118",192772,"ANIMALIA","MOLLUSCA","GASTROPODA","NEOGASTROPODA","CONIDAE","Conus","Conus geographus",NA,"LC"
"119",192538,"ANIMALIA","MOLLUSCA","GASTROPODA","NEOGASTROPODA","CONIDAE","Conus","Conus ferrugineus",NA,"LC"
"120",192378,"ANIMALIA","MOLLUSCA","GASTROPODA","NEOGASTROPODA","CONIDAE","Conus","Conus litoglyphus",NA,"LC"
"121",192573,"ANIMALIA","MOLLUSCA","GASTROPODA","NEOGASTROPODA","CONIDAE","Conus","Conus magnificus",NA,"LC"
"122",192580,"ANIMALIA","MOLLUSCA","GASTROPODA","NEOGASTROPODA","CONIDAE","Conus","Conus chaldaeus",NA,"LC"
"123",192386,"ANIMALIA","MOLLUSCA","GASTROPODA","NEOGASTROPODA","CONIDAE","Conus","Conus leopardus",NA,"LC"
"124",133652,"ANIMALIA","CNIDARIA","ANTHOZOA","SCLERACTINIA","FAVIIDAE","Leptastrea","Leptastrea transversa",NA,"LC"
"125",133571,"ANIMALIA","CNIDARIA","ANTHOZOA","SCLERACTINIA","FAVIIDAE","Platygyra","Platygyra carnosus",NA,"NT"
"126",133066,"ANIMALIA","CNIDARIA","ANTHOZOA","SCLERACTINIA","ACROPORIDAE","Montipora","Montipora informis",NA,"LC"
"127",132936,"ANIMALIA","CNIDARIA","ANTHOZOA","SCLERACTINIA","FAVIIDAE","Favia","Favia pallida",NA,"LC"
"128",133185,"ANIMALIA","CNIDARIA","ANTHOZOA","SCLERACTINIA","ACROPORIDAE","Montipora","Montipora calcarea",NA,"VU"
"129",133593,"ANIMALIA","CNIDARIA","ANTHOZOA","SCLERACTINIA","FAVIIDAE","Favia","Favia stelligera",NA,"NT"
"130",133510,"ANIMALIA","CNIDARIA","ANTHOZOA","SCLERACTINIA","FAVIIDAE","Favia","Favia lizardensis",NA,"NT"
"131",133258,"ANIMALIA","CNIDARIA","ANTHOZOA","SCLERACTINIA","EUPHYLLIDAE","Plerogyra","Plerogyra sinuosa",NA,"NT"
"132",133055,"ANIMALIA","CNIDARIA","ANTHOZOA","SCLERACTINIA","FAVIIDAE","Favites","Favites halicora",NA,"NT"
"133",133569,"ANIMALIA","CNIDARIA","ANTHOZOA","SCLERACTINIA","FAVIIDAE","Favia","Favia favus",NA,"LC"
"134",133252,"ANIMALIA","CNIDARIA","ANTHOZOA","SCLERACTINIA","ACROPORIDAE","Acropora","Acropora tortuosa",NA,"LC"
"135",133303,"ANIMALIA","CNIDARIA","ANTHOZOA","SCLERACTINIA","ACROPORIDAE","Acropora","Acropora lutkeni",NA,"NT"
"136",132979,"ANIMALIA","CNIDARIA","ANTHOZOA","SCLERACTINIA","FAVIIDAE","Favites","Favites complanata",NA,"NT"
"137",133196,"ANIMALIA","CNIDARIA","ANTHOZOA","SCLERACTINIA","ACROPORIDAE","Montipora","Montipora incrassata",NA,"NT"
"138",133298,"ANIMALIA","CNIDARIA","ANTHOZOA","SCLERACTINIA","ACROPORIDAE","Montipora","Montipora turgescens",NA,"LC"
"139",133493,"ANIMALIA","CNIDARIA","ANTHOZOA","SCLERACTINIA","FAVIIDAE","Platygyra","Platygyra ryukyuensis",NA,"NT"
"140",133201,"ANIMALIA","CNIDARIA","ANTHOZOA","SCLERACTINIA","FUNGIIDAE","Fungia","Fungia scutaria",NA,"LC"
"141",133013,"ANIMALIA","CNIDARIA","ANTHOZOA","SCLERACTINIA","ACROPORIDAE","Acropora","Acropora grandis",NA,"LC"
"142",133622,"ANIMALIA","CNIDARIA","ANTHOZOA","SCLERACTINIA","ACROPORIDAE","Montipora","Montipora capitata",NA,"NT"
"143",133440,"ANIMALIA","CNIDARIA","ANTHOZOA","SCLERACTINIA","FAVIIDAE","Platygyra","Platygyra pini",NA,"LC"
"144",133314,"ANIMALIA","CNIDARIA","ANTHOZOA","SCLERACTINIA","ACROPORIDAE","Montipora","Montipora aequituberculata",NA,"LC"
"145",133161,"ANIMALIA","CNIDARIA","ANTHOZOA","SCLERACTINIA","FAVIIDAE","Platygyra","Platygyra contorta",NA,"LC"
"146",133563,"ANIMALIA","CNIDARIA","ANTHOZOA","SCLERACTINIA","ACROPORIDAE","Montipora","Montipora peltiformis",NA,"NT"
"147",133616,"ANIMALIA","CNIDARIA","ANTHOZOA","SCLERACTINIA","FAVIIDAE","Favia","Favia matthaii",NA,"NT"
"148",133209,"ANIMALIA","CNIDARIA","ANTHOZOA","SCLERACTINIA","FAVIIDAE","Favites","Favites pentagona",NA,"LC"
"149",132997,"ANIMALIA","CNIDARIA","ANTHOZOA","SCLERACTINIA","FAVIIDAE","Montastrea","Montastrea valenciennesi",NA,"NT"
"150",133319,"ANIMALIA","CNIDARIA","ANTHOZOA","SCLERACTINIA","ACROPORIDAE","Acropora","Acropora horrida",NA,"VU"
"151",133646,"ANIMALIA","CNIDARIA","ANTHOZOA","SCLERACTINIA","ACROPORIDAE","Montipora","Montipora verrucosa",NA,"LC"
"152",133003,"ANIMALIA","CNIDARIA","ANTHOZOA","SCLERACTINIA","FAVIIDAE","Leptastrea","Leptastrea bewickensis",NA,"NT"
"153",133525,"ANIMALIA","CNIDARIA","ANTHOZOA","SCLERACTINIA","ACROPORIDAE","Montipora","Montipora monasteriata",NA,"LC"
"154",133438,"ANIMALIA","CNIDARIA","ANTHOZOA","SCLERACTINIA","ACROPORIDAE","Montipora","Montipora foveolata",NA,"NT"
"155",133021,"ANIMALIA","CNIDARIA","ANTHOZOA","SCLERACTINIA","ACROPORIDAE","Acropora","Acropora microphthalma",NA,"LC"
"156",133468,"ANIMALIA","CNIDARIA","ANTHOZOA","SCLERACTINIA","FAVIIDAE","Platygyra","Platygyra daedalea",NA,"LC"
"157",133068,"ANIMALIA","CNIDARIA","ANTHOZOA","SCLERACTINIA","FAVIIDAE","Platygyra","Platygyra sinensis",NA,"LC"
"158",133345,"ANIMALIA","CNIDARIA","ANTHOZOA","SCLERACTINIA","ACROPORIDAE","Montipora","Montipora tuberculosa",NA,"LC"
"159",133700,"ANIMALIA","CNIDARIA","ANTHOZOA","SCLERACTINIA","ACROPORIDAE","Montipora","Montipora hoffmeisteri",NA,"LC"
"160",133414,"ANIMALIA","CNIDARIA","ANTHOZOA","SCLERACTINIA","FAVIIDAE","Goniastrea","Goniastrea pectinata",NA,"LC"
"161",133090,"ANIMALIA","CNIDARIA","ANTHOZOA","SCLERACTINIA","FAVIIDAE","Leptastrea","Leptastrea purpurea",NA,"LC"
"162",133278,"ANIMALIA","CNIDARIA","ANTHOZOA","SCLERACTINIA","FAVIIDAE","Leptastrea","Leptastrea pruinosa",NA,"LC"
"163",133290,"ANIMALIA","CNIDARIA","ANTHOZOA","SCLERACTINIA","FAVIIDAE","Favites","Favites abdita",NA,"NT"
"164",133654,"ANIMALIA","CNIDARIA","ANTHOZOA","SCLERACTINIA","FAVIIDAE","Favites","Favites chinensis",NA,"NT"
"165",132922,"ANIMALIA","CNIDARIA","ANTHOZOA","SCLERACTINIA","FAVIIDAE","Montastrea","Montastrea curta",NA,"LC"
"166",188467,"ANIMALIA","CHORDATA","ACTINOPTERYGII","PERCIFORMES","POMACENTRIDAE","Abudefduf","Abudefduf sordidus",NA,"LC"
"167",188609,"ANIMALIA","CHORDATA","ACTINOPTERYGII","PERCIFORMES","POMACENTRIDAE","Abudefduf","Abudefduf vaigiensis",NA,"LC"
"168",188453,"ANIMALIA","CHORDATA","ACTINOPTERYGII","PERCIFORMES","POMACENTRIDAE","Abudefduf","Abudefduf septemfasciatus",NA,"LC"
"169",188366,"ANIMALIA","CHORDATA","ACTINOPTERYGII","PERCIFORMES","POMACENTRIDAE","Chromis","Chromis caudalis",NA,"LC"
"170",61339,"ANIMALIA","CHORDATA","ACTINOPTERYGII","PERCIFORMES","EPINEPHELIDAE","Epinephelus","Epinephelus polyphekadion",NA,"VU"
"171",44673,"ANIMALIA","CHORDATA","ACTINOPTERYGII","PERCIFORMES","EPINEPHELIDAE","Epinephelus","Epinephelus fuscoguttatus",NA,"VU"
"172",132737,"ANIMALIA","CHORDATA","ACTINOPTERYGII","PERCIFORMES","EPINEPHELIDAE","Cephalopholis","Cephalopholis leopardus",NA,"LC"
"173",64412,"ANIMALIA","CHORDATA","ACTINOPTERYGII","PERCIFORMES","EPINEPHELIDAE","Plectropomus","Plectropomus laevis",NA,"LC"
"174",132758,"ANIMALIA","CHORDATA","ACTINOPTERYGII","PERCIFORMES","EPINEPHELIDAE","Epinephelus","Epinephelus tauvina",NA,"DD"
"175",132781,"ANIMALIA","CHORDATA","ACTINOPTERYGII","PERCIFORMES","EPINEPHELIDAE","Cephalopholis","Cephalopholis argus",NA,"LC"
"176",132766,"ANIMALIA","CHORDATA","ACTINOPTERYGII","PERCIFORMES","EPINEPHELIDAE","Epinephelus","Epinephelus macrospilos",NA,"LC"
"177",132757,"ANIMALIA","CHORDATA","ACTINOPTERYGII","PERCIFORMES","EPINEPHELIDAE","Cephalopholis","Cephalopholis sonnerati",NA,"LC"
"178",132778,"ANIMALIA","CHORDATA","ACTINOPTERYGII","PERCIFORMES","EPINEPHELIDAE","Epinephelus","Epinephelus hexagonatus",NA,"LC"
"179",132788,"ANIMALIA","CHORDATA","ACTINOPTERYGII","PERCIFORMES","EPINEPHELIDAE","Epinephelus","Epinephelus merra",NA,"LC"
"180",132794,"ANIMALIA","CHORDATA","ACTINOPTERYGII","PERCIFORMES","EPINEPHELIDAE","Epinephelus","Epinephelus retouti",NA,"LC"
"181",132800,"ANIMALIA","CHORDATA","ACTINOPTERYGII","PERCIFORMES","EPINEPHELIDAE","Gracila","Gracila albomarginata",NA,"LC"
"182",132783,"ANIMALIA","CHORDATA","ACTINOPTERYGII","PERCIFORMES","EPINEPHELIDAE","Cephalopholis","Cephalopholis urodeta",NA,"LC"
"183",132746,"ANIMALIA","CHORDATA","ACTINOPTERYGII","PERCIFORMES","EPINEPHELIDAE","Epinephelus","Epinephelus melanostigma",NA,"LC"
"184",132747,"ANIMALIA","CHORDATA","ACTINOPTERYGII","PERCIFORMES","EPINEPHELIDAE","Epinephelus","Epinephelus spilotoceps",NA,"LC"
"185",132817,"ANIMALIA","CHORDATA","ACTINOPTERYGII","PERCIFORMES","EPINEPHELIDAE","Epinephelus","Epinephelus fasciatus",NA,"LC"
"186",132731,"ANIMALIA","CHORDATA","ACTINOPTERYGII","PERCIFORMES","EPINEPHELIDAE","Epinephelus","Epinephelus socialis",NA,"LC"
"187",132732,"ANIMALIA","CHORDATA","ACTINOPTERYGII","PERCIFORMES","EPINEPHELIDAE","Cephalopholis","Cephalopholis miniata",NA,"LC"
"188",132738,"ANIMALIA","CHORDATA","ACTINOPTERYGII","PERCIFORMES","EPINEPHELIDAE","Variola","Variola louti",NA,"LC"
"189",132741,"ANIMALIA","CHORDATA","ACTINOPTERYGII","PERCIFORMES","EPINEPHELIDAE","Cephalopholis","Cephalopholis sexmaculata",NA,"LC"
"190",132829,"ANIMALIA","CHORDATA","ACTINOPTERYGII","PERCIFORMES","EPINEPHELIDAE","Epinephelus","Epinephelus howlandi",NA,"LC"
"191",196018,"ANIMALIA","CHORDATA","MYXINI","MYXINIFORMES","MYXINIDAE","Eptatretus","Eptatretus carlhubbsi",NA,"LC"
"192",170063,"ANIMALIA","ARTHROPODA","MALACOSTRACA","DECAPODA","SCYLLARIDAE","Arctides","Arctides regalis",NA,"LC"
"193",185023,"ANIMALIA","ARTHROPODA","MALACOSTRACA","DECAPODA","POLYCHELIDAE","Stereomastis","Stereomastis surda",NA,"LC"
"194",16564,"ANIMALIA","CHORDATA","MAMMALIA","CETARTIODACTYLA","DELPHINIDAE","Peponocephala","Peponocephala electra",NA,"LC"
"195",20738,"ANIMALIA","CHORDATA","MAMMALIA","CETARTIODACTYLA","DELPHINIDAE","Steno","Steno bredanensis",NA,"LC"
"196",11047,"ANIMALIA","CHORDATA","MAMMALIA","CETARTIODACTYLA","PHYSETERIDAE","Kogia","Kogia breviceps",NA,"DD"
"197",20731,"ANIMALIA","CHORDATA","MAMMALIA","CETARTIODACTYLA","DELPHINIDAE","Stenella","Stenella coeruleoalba",NA,"LC"
"198",13246,"ANIMALIA","CHORDATA","MAMMALIA","CETARTIODACTYLA","ZIPHIIDAE","Mesoplodon","Mesoplodon ginkgodens",NA,"DD"
"199",23211,"ANIMALIA","CHORDATA","MAMMALIA","CETARTIODACTYLA","ZIPHIIDAE","Ziphius","Ziphius cavirostris",NA,"LC"
"200",15421,"ANIMALIA","CHORDATA","MAMMALIA","CETARTIODACTYLA","DELPHINIDAE","Orcinus","Orcinus orca",NA,"DD"
"201",41755,"ANIMALIA","CHORDATA","MAMMALIA","CETARTIODACTYLA","PHYSETERIDAE","Physeter","Physeter macrocephalus",NA,"VU"
"202",40635,"ANIMALIA","CHORDATA","MAMMALIA","CETARTIODACTYLA","ZIPHIIDAE","Indopacetus","Indopacetus pacificus",NA,"DD"
"203",22563,"ANIMALIA","CHORDATA","MAMMALIA","CETARTIODACTYLA","DELPHINIDAE","Tursiops","Tursiops truncatus",NA,"LC"
"204",2476,"ANIMALIA","CHORDATA","MAMMALIA","CETARTIODACTYLA","BALAENOPTERIDAE","Balaenoptera","Balaenoptera edeni",NA,"LC"
"205",11048,"ANIMALIA","CHORDATA","MAMMALIA","CETARTIODACTYLA","PHYSETERIDAE","Kogia","Kogia sima",NA,"DD"
"206",13244,"ANIMALIA","CHORDATA","MAMMALIA","CETARTIODACTYLA","ZIPHIIDAE","Mesoplodon","Mesoplodon densirostris",NA,"DD"
"207",20733,"ANIMALIA","CHORDATA","MAMMALIA","CETARTIODACTYLA","DELPHINIDAE","Stenella","Stenella longirostris",NA,"LC"
"208",9249,"ANIMALIA","CHORDATA","MAMMALIA","CETARTIODACTYLA","DELPHINIDAE","Globicephala","Globicephala macrorhynchus",NA,"LC"
"209",13006,"ANIMALIA","CHORDATA","MAMMALIA","CETARTIODACTYLA","BALAENOPTERIDAE","Megaptera","Megaptera novaeangliae",NA,"LC"
"210",127826787,"ANIMALIA","CHORDATA","MAMMALIA","CETARTIODACTYLA","ZIPHIIDAE","Mesoplodon","Mesoplodon hotaula",NA,"DD"
"211",2475,"ANIMALIA","CHORDATA","MAMMALIA","CETARTIODACTYLA","BALAENOPTERIDAE","Balaenoptera","Balaenoptera borealis",NA,"EN"
"212",9461,"ANIMALIA","CHORDATA","MAMMALIA","CETARTIODACTYLA","DELPHINIDAE","Grampus","Grampus griseus",NA,"LC"
"213",2477,"ANIMALIA","CHORDATA","MAMMALIA","CETARTIODACTYLA","BALAENOPTERIDAE","Balaenoptera","Balaenoptera musculus",NA,"EN"
"214",11140,"ANIMALIA","CHORDATA","MAMMALIA","CETARTIODACTYLA","DELPHINIDAE","Lagenodelphis","Lagenodelphis hosei",NA,"LC"
"215",2474,"ANIMALIA","CHORDATA","MAMMALIA","CETARTIODACTYLA","BALAENOPTERIDAE","Balaenoptera","Balaenoptera acutorostrata",NA,"LC"
"216",18596,"ANIMALIA","CHORDATA","MAMMALIA","CETARTIODACTYLA","DELPHINIDAE","Pseudorca","Pseudorca crassidens",NA,"NT"
"217",8551,"ANIMALIA","CHORDATA","MAMMALIA","CETARTIODACTYLA","DELPHINIDAE","Feresa","Feresa attenuata",NA,"LC"
"218",20729,"ANIMALIA","CHORDATA","MAMMALIA","CETARTIODACTYLA","DELPHINIDAE","Stenella","Stenella attenuata",NA,"LC"
"219",190193,"ANIMALIA","CHORDATA","ACTINOPTERYGII","TETRAODONTIFORMES","TETRAODONTIDAE","Sphoeroides","Sphoeroides pachygaster",NA,"LC"
"220",193766,"ANIMALIA","CHORDATA","ACTINOPTERYGII","TETRAODONTIFORMES","TETRAODONTIDAE","Canthigaster","Canthigaster janthinoptera",NA,"LC"
"221",193675,"ANIMALIA","CHORDATA","ACTINOPTERYGII","TETRAODONTIFORMES","TETRAODONTIDAE","Canthigaster","Canthigaster amboinensis",NA,"LC"
"222",193775,"ANIMALIA","CHORDATA","ACTINOPTERYGII","TETRAODONTIFORMES","TETRAODONTIDAE","Canthigaster","Canthigaster solandri",NA,"LC"
"223",190464,"ANIMALIA","CHORDATA","ACTINOPTERYGII","TETRAODONTIFORMES","TETRAODONTIDAE","Lagocephalus","Lagocephalus lagocephalus",NA,"LC"
"224",193804,"ANIMALIA","CHORDATA","ACTINOPTERYGII","TETRAODONTIFORMES","TETRAODONTIDAE","Arothron","Arothron nigropunctatus",NA,"LC"
"225",166947,"ANIMALIA","CHORDATA","ACTINOPTERYGII","TETRAODONTIFORMES","TETRAODONTIDAE","Lagocephalus","Lagocephalus sceleratus",NA,"LC"
"226",193656,"ANIMALIA","CHORDATA","ACTINOPTERYGII","TETRAODONTIFORMES","TETRAODONTIDAE","Canthigaster","Canthigaster bennetti",NA,"LC"
"227",193699,"ANIMALIA","CHORDATA","ACTINOPTERYGII","TETRAODONTIFORMES","TETRAODONTIDAE","Arothron","Arothron hispidus",NA,"LC"
"228",193662,"ANIMALIA","CHORDATA","ACTINOPTERYGII","TETRAODONTIFORMES","TETRAODONTIDAE","Arothron","Arothron meleagris",NA,"LC"
"229",8005,"ANIMALIA","CHORDATA","REPTILIA","TESTUDINES","CHELONIIDAE","Eretmochelys","Eretmochelys imbricata",NA,"CR"
"230",46967817,"ANIMALIA","CHORDATA","REPTILIA","TESTUDINES","DERMOCHELYIDAE","Dermochelys","Dermochelys coriacea","West Pacific Ocean subpopulation","CR"
"231",3897,"ANIMALIA","CHORDATA","REPTILIA","TESTUDINES","CHELONIIDAE","Caretta","Caretta caretta",NA,"VU"
"232",176738,"ANIMALIA","CHORDATA","REPTILIA","SQUAMATA","ELAPIDAE","Hydrophis","Hydrophis platurus",NA,"LC"
"233",4615,"ANIMALIA","CHORDATA","REPTILIA","TESTUDINES","CHELONIIDAE","Chelonia","Chelonia mydas",NA,"EN"
"234",180375,"ANIMALIA","ECHINODERMATA","HOLOTHUROIDEA","ASPIDOCHIROTIDA","HOLOTHURIIDAE","Holothuria","Holothuria leucospilota",NA,"LC"
"235",200715,"ANIMALIA","ECHINODERMATA","HOLOTHUROIDEA","ASPIDOCHIROTIDA","HOLOTHURIIDAE","Holothuria","Holothuria fuscogilva",NA,"VU"
"236",180235,"ANIMALIA","ECHINODERMATA","HOLOTHUROIDEA","ASPIDOCHIROTIDA","HOLOTHURIIDAE","Holothuria","Holothuria hilla",NA,"LC"
"237",180367,"ANIMALIA","ECHINODERMATA","HOLOTHUROIDEA","ASPIDOCHIROTIDA","STICHOPODIDAE","Stichopus","Stichopus monotuberculatus",NA,"DD"
"238",180525,"ANIMALIA","ECHINODERMATA","HOLOTHUROIDEA","ASPIDOCHIROTIDA","HOLOTHURIIDAE","Holothuria","Holothuria pervicax",NA,"LC"
"239",180246,"ANIMALIA","ECHINODERMATA","HOLOTHUROIDEA","ASPIDOCHIROTIDA","HOLOTHURIIDAE","Holothuria","Holothuria difficilis",NA,"LC"
"240",180488,"ANIMALIA","ECHINODERMATA","HOLOTHUROIDEA","ASPIDOCHIROTIDA","STICHOPODIDAE","Stichopus","Stichopus horrens",NA,"DD"
"241",180483,"ANIMALIA","ECHINODERMATA","HOLOTHUROIDEA","ASPIDOCHIROTIDA","HOLOTHURIIDAE","Holothuria","Holothuria flavomaculata",NA,"LC"
"242",180337,"ANIMALIA","ECHINODERMATA","HOLOTHUROIDEA","ASPIDOCHIROTIDA","HOLOTHURIIDAE","Actinopyga","Actinopyga mauritiana",NA,"VU"
"243",180534,"ANIMALIA","ECHINODERMATA","HOLOTHUROIDEA","ASPIDOCHIROTIDA","HOLOTHURIIDAE","Holothuria","Holothuria inhabilis",NA,"LC"
"244",180286,"ANIMALIA","ECHINODERMATA","HOLOTHUROIDEA","ASPIDOCHIROTIDA","HOLOTHURIIDAE","Holothuria","Holothuria pardalis",NA,"LC"
"245",180500,"ANIMALIA","ECHINODERMATA","HOLOTHUROIDEA","ASPIDOCHIROTIDA","HOLOTHURIIDAE","Holothuria","Holothuria discrepans",NA,"DD"
"246",180440,"ANIMALIA","ECHINODERMATA","HOLOTHUROIDEA","ASPIDOCHIROTIDA","HOLOTHURIIDAE","Holothuria","Holothuria whitmaei",NA,"EN"
"247",180236,"ANIMALIA","ECHINODERMATA","HOLOTHUROIDEA","ASPIDOCHIROTIDA","HOLOTHURIIDAE","Holothuria","Holothuria olivacea",NA,"DD"
"248",180443,"ANIMALIA","ECHINODERMATA","HOLOTHUROIDEA","ASPIDOCHIROTIDA","HOLOTHURIIDAE","Holothuria","Holothuria rigida",NA,"LC"
"249",180512,"ANIMALIA","ECHINODERMATA","HOLOTHUROIDEA","ASPIDOCHIROTIDA","HOLOTHURIIDAE","Holothuria","Holothuria impatiens",NA,"DD"
"250",180494,"ANIMALIA","ECHINODERMATA","HOLOTHUROIDEA","ASPIDOCHIROTIDA","HOLOTHURIIDAE","Holothuria","Holothuria fuscocinerea",NA,"LC"
"251",180352,"ANIMALIA","ECHINODERMATA","HOLOTHUROIDEA","ASPIDOCHIROTIDA","HOLOTHURIIDAE","Bohadschia","Bohadschia vitiensis",NA,"DD"
"252",180446,"ANIMALIA","ECHINODERMATA","HOLOTHUROIDEA","ASPIDOCHIROTIDA","HOLOTHURIIDAE","Holothuria","Holothuria stocki",NA,"DD"
"253",180248,"ANIMALIA","ECHINODERMATA","HOLOTHUROIDEA","ASPIDOCHIROTIDA","HOLOTHURIIDAE","Pearsonothuria","Pearsonothuria graeffei",NA,"LC"
"254",180421,"ANIMALIA","ECHINODERMATA","HOLOTHUROIDEA","ASPIDOCHIROTIDA","HOLOTHURIIDAE","Holothuria","Holothuria atra",NA,"LC"
"255",180226,"ANIMALIA","ECHINODERMATA","HOLOTHUROIDEA","ASPIDOCHIROTIDA","HOLOTHURIIDAE","Holothuria","Holothuria erinaceaus",NA,"LC"
"256",180479,"ANIMALIA","ECHINODERMATA","HOLOTHUROIDEA","ASPIDOCHIROTIDA","HOLOTHURIIDAE","Labidodemas","Labidodemas semperianum",NA,"LC"
"257",180231,"ANIMALIA","ECHINODERMATA","HOLOTHUROIDEA","ASPIDOCHIROTIDA","HOLOTHURIIDAE","Holothuria","Holothuria verrucosa",NA,"LC"
"258",180437,"ANIMALIA","ECHINODERMATA","HOLOTHUROIDEA","ASPIDOCHIROTIDA","HOLOTHURIIDAE","Holothuria","Holothuria arenicola",NA,"DD"
"259",177950,"ANIMALIA","CHORDATA","ACTINOPTERYGII","PERCIFORMES","ACANTHURIDAE","Naso","Naso lituratus",NA,"LC"
"260",178017,"ANIMALIA","CHORDATA","ACTINOPTERYGII","PERCIFORMES","ACANTHURIDAE","Acanthurus","Acanthurus nigricauda",NA,"LC"
"261",177970,"ANIMALIA","CHORDATA","ACTINOPTERYGII","PERCIFORMES","ACANTHURIDAE","Naso","Naso unicornis",NA,"LC"
"262",178001,"ANIMALIA","CHORDATA","ACTINOPTERYGII","PERCIFORMES","ACANTHURIDAE","Zebrasoma","Zebrasoma rostratum",NA,"DD"
"263",177994,"ANIMALIA","CHORDATA","ACTINOPTERYGII","PERCIFORMES","ACANTHURIDAE","Acanthurus","Acanthurus leucocheilus",NA,"LC"
"264",177990,"ANIMALIA","CHORDATA","ACTINOPTERYGII","PERCIFORMES","ACANTHURIDAE","Naso","Naso brevirostris",NA,"LC"
"265",178014,"ANIMALIA","CHORDATA","ACTINOPTERYGII","PERCIFORMES","ACANTHURIDAE","Ctenochaetus","Ctenochaetus hawaiiensis",NA,"LC"
"266",177965,"ANIMALIA","CHORDATA","ACTINOPTERYGII","PERCIFORMES","ACANTHURIDAE","Acanthurus","Acanthurus triostegus",NA,"LC"
"267",177989,"ANIMALIA","CHORDATA","ACTINOPTERYGII","PERCIFORMES","ACANTHURIDAE","Acanthurus","Acanthurus xanthopterus",NA,"LC"
"268",177993,"ANIMALIA","CHORDATA","ACTINOPTERYGII","PERCIFORMES","ACANTHURIDAE","Acanthurus","Acanthurus lineatus",NA,"LC"
"269",155120,"ANIMALIA","CHORDATA","ACTINOPTERYGII","PERCIFORMES","ACANTHURIDAE","Naso","Naso vlamingii",NA,"LC"
"270",177995,"ANIMALIA","CHORDATA","ACTINOPTERYGII","PERCIFORMES","ACANTHURIDAE","Acanthurus","Acanthurus guttatus",NA,"LC"
"271",177964,"ANIMALIA","CHORDATA","ACTINOPTERYGII","PERCIFORMES","ACANTHURIDAE","Ctenochaetus","Ctenochaetus marginatus",NA,"LC"
"272",178008,"ANIMALIA","CHORDATA","ACTINOPTERYGII","PERCIFORMES","ACANTHURIDAE","Acanthurus","Acanthurus thompsoni",NA,"LC"
"273",177969,"ANIMALIA","CHORDATA","ACTINOPTERYGII","PERCIFORMES","ACANTHURIDAE","Acanthurus","Acanthurus nigricans",NA,"LC"
"274",177957,"ANIMALIA","CHORDATA","ACTINOPTERYGII","PERCIFORMES","ACANTHURIDAE","Acanthurus","Acanthurus maculiceps",NA,"LC"
"275",178022,"ANIMALIA","CHORDATA","ACTINOPTERYGII","PERCIFORMES","ACANTHURIDAE","Acanthurus","Acanthurus pyroferus",NA,"LC"
"276",177991,"ANIMALIA","CHORDATA","ACTINOPTERYGII","PERCIFORMES","ACANTHURIDAE","Acanthurus","Acanthurus olivaceus",NA,"LC"
"277",178010,"ANIMALIA","CHORDATA","ACTINOPTERYGII","PERCIFORMES","ACANTHURIDAE","Zebrasoma","Zebrasoma veliferum",NA,"LC"
"278",177972,"ANIMALIA","CHORDATA","ACTINOPTERYGII","PERCIFORMES","ACANTHURIDAE","Paracanthurus","Paracanthurus hepatus",NA,"LC"
"279",177958,"ANIMALIA","CHORDATA","ACTINOPTERYGII","PERCIFORMES","ACANTHURIDAE","Ctenochaetus","Ctenochaetus cyanocheilus",NA,"LC"
"280",178005,"ANIMALIA","CHORDATA","ACTINOPTERYGII","PERCIFORMES","ACANTHURIDAE","Zebrasoma","Zebrasoma scopas",NA,"LC"
"281",177960,"ANIMALIA","CHORDATA","ACTINOPTERYGII","PERCIFORMES","ACANTHURIDAE","Acanthurus","Acanthurus achilles",NA,"LC"
"282",177971,"ANIMALIA","CHORDATA","ACTINOPTERYGII","PERCIFORMES","ACANTHURIDAE","Acanthurus","Acanthurus blochii",NA,"LC"
"283",178018,"ANIMALIA","CHORDATA","ACTINOPTERYGII","PERCIFORMES","ACANTHURIDAE","Ctenochaetus","Ctenochaetus flavicauda",NA,"LC"
"284",177981,"ANIMALIA","CHORDATA","ACTINOPTERYGII","PERCIFORMES","ACANTHURIDAE","Acanthurus","Acanthurus dussumieri",NA,"LC"
"285",178019,"ANIMALIA","CHORDATA","ACTINOPTERYGII","PERCIFORMES","ACANTHURIDAE","Acanthurus","Acanthurus nigrofuscus",NA,"LC"
"286",178002,"ANIMALIA","CHORDATA","ACTINOPTERYGII","PERCIFORMES","ACANTHURIDAE","Naso","Naso hexacanthus",NA,"LC"
"287",177967,"ANIMALIA","CHORDATA","ACTINOPTERYGII","PERCIFORMES","ACANTHURIDAE","Acanthurus","Acanthurus mata",NA,"LC"
"288",178012,"ANIMALIA","CHORDATA","ACTINOPTERYGII","PERCIFORMES","ACANTHURIDAE","Ctenochaetus","Ctenochaetus striatus",NA,"LC"
"289",16781113,"ANIMALIA","CHORDATA","ACTINOPTERYGII","GASTEROSTEIFORMES","FISTULARIIDAE","Fistularia","Fistularia petimba",NA,"LC"
"290",18257780,"ANIMALIA","CHORDATA","ACTINOPTERYGII","GASTEROSTEIFORMES","FISTULARIIDAE","Fistularia","Fistularia commersonii",NA,"LC"
"291",183214,"ANIMALIA","CHORDATA","ACTINOPTERYGII","SYNGNATHIFORMES","SYNGNATHIDAE","Doryrhamphus","Doryrhamphus excisus",NA,"LC"
"292",65364553,"ANIMALIA","CHORDATA","ACTINOPTERYGII","SYNGNATHIFORMES","SYNGNATHIDAE","Choeroichthys","Choeroichthys sculptus",NA,"LC"
"293",65134886,"ANIMALIA","CHORDATA","ACTINOPTERYGII","SYNGNATHIFORMES","AULOSTOMIDAE","Aulostomus","Aulostomus chinensis",NA,"LC"
"294",170310,"ANIMALIA","CHORDATA","ACTINOPTERYGII","PERCIFORMES","SCOMBRIDAE","Katsuwonus","Katsuwonus pelamis",NA,"LC"
"295",21857,"ANIMALIA","CHORDATA","ACTINOPTERYGII","PERCIFORMES","SCOMBRIDAE","Thunnus","Thunnus albacares",NA,"NT"
"296",170314,"ANIMALIA","CHORDATA","ACTINOPTERYGII","PERCIFORMES","ISTIOPHORIDAE","Makaira","Makaira nigricans",NA,"VU"
"297",170315,"ANIMALIA","CHORDATA","ACTINOPTERYGII","PERCIFORMES","ISTIOPHORIDAE","Tetrapturus","Tetrapturus angustirostris",NA,"DD"
"298",21856,"ANIMALIA","CHORDATA","ACTINOPTERYGII","PERCIFORMES","SCOMBRIDAE","Thunnus","Thunnus alalunga",NA,"NT"
"299",23148,"ANIMALIA","CHORDATA","ACTINOPTERYGII","PERCIFORMES","XIPHIIDAE","Xiphias","Xiphias gladius",NA,"LC"
"300",170309,"ANIMALIA","CHORDATA","ACTINOPTERYGII","PERCIFORMES","ISTIOPHORIDAE","Kajikia","Kajikia audax",NA,"NT"
"301",21859,"ANIMALIA","CHORDATA","ACTINOPTERYGII","PERCIFORMES","SCOMBRIDAE","Thunnus","Thunnus obesus",NA,"VU"
"302",170338,"ANIMALIA","CHORDATA","ACTINOPTERYGII","PERCIFORMES","ISTIOPHORIDAE","Istiophorus","Istiophorus platypterus",NA,"LC"
"303",170331,"ANIMALIA","CHORDATA","ACTINOPTERYGII","PERCIFORMES","SCOMBRIDAE","Acanthocybium","Acanthocybium solandri",NA,"LC"
"304",170312,"ANIMALIA","CHORDATA","ACTINOPTERYGII","PERCIFORMES","ISTIOPHORIDAE","Istiompax","Istiompax indica",NA,"DD"
"305",187792,"ANIMALIA","CHORDATA","ACTINOPTERYGII","PERCIFORMES","LABRIDAE","Coris","Coris centralis",NA,"LC"
"306",154623,"ANIMALIA","CHORDATA","ACTINOPTERYGII","PERCIFORMES","LABRIDAE","Cheilinus","Cheilinus trilobatus",NA,"LC"
"307",187436,"ANIMALIA","CHORDATA","ACTINOPTERYGII","PERCIFORMES","LABRIDAE","Coris","Coris gaimard",NA,"LC"
"308",187441,"ANIMALIA","CHORDATA","ACTINOPTERYGII","PERCIFORMES","LABRIDAE","Novaculichthys","Novaculichthys taeniourus",NA,"LC"
"309",187461,"ANIMALIA","CHORDATA","ACTINOPTERYGII","PERCIFORMES","LABRIDAE","Cirrhilabrus","Cirrhilabrus exquisitus",NA,"DD"
"310",187477,"ANIMALIA","CHORDATA","ACTINOPTERYGII","PERCIFORMES","LABRIDAE","Pseudocheilinus","Pseudocheilinus hexataenia",NA,"LC"
"311",187490,"ANIMALIA","CHORDATA","ACTINOPTERYGII","PERCIFORMES","LABRIDAE","Thalassoma","Thalassoma amblycephalum",NA,"LC"
"312",187497,"ANIMALIA","CHORDATA","ACTINOPTERYGII","PERCIFORMES","LABRIDAE","Labropsis","Labropsis xanthonota",NA,"LC"
"313",187559,"ANIMALIA","CHORDATA","ACTINOPTERYGII","PERCIFORMES","LABRIDAE","Thalassoma","Thalassoma hardwicke",NA,"LC"
"314",187571,"ANIMALIA","CHORDATA","ACTINOPTERYGII","PERCIFORMES","LABRIDAE","Bodianus","Bodianus prognathus",NA,"LC"
"315",187673,"ANIMALIA","CHORDATA","ACTINOPTERYGII","PERCIFORMES","LABRIDAE","Halichoeres","Halichoeres hortulanus",NA,"LC"
"316",187674,"ANIMALIA","CHORDATA","ACTINOPTERYGII","PERCIFORMES","LABRIDAE","Oxycheilinus","Oxycheilinus unifasciatus",NA,"LC"
"317",187685,"ANIMALIA","CHORDATA","ACTINOPTERYGII","PERCIFORMES","LABRIDAE","Thalassoma","Thalassoma lutescens",NA,"LC"
"318",187722,"ANIMALIA","CHORDATA","ACTINOPTERYGII","PERCIFORMES","LABRIDAE","Epibulus","Epibulus insidiator",NA,"LC"
"319",187733,"ANIMALIA","CHORDATA","ACTINOPTERYGII","PERCIFORMES","LABRIDAE","Thalassoma","Thalassoma quinquevittatum",NA,"LC"
"320",187744,"ANIMALIA","CHORDATA","ACTINOPTERYGII","PERCIFORMES","LABRIDAE","Bodianus","Bodianus loxozonus",NA,"LC"
"321",187746,"ANIMALIA","CHORDATA","ACTINOPTERYGII","PERCIFORMES","LABRIDAE","Thalassoma","Thalassoma purpureum",NA,"LC"
"322",187786,"ANIMALIA","CHORDATA","ACTINOPTERYGII","PERCIFORMES","LABRIDAE","Halichoeres","Halichoeres pallidus",NA,"LC"
"323",190688,"ANIMALIA","CHORDATA","ACTINOPTERYGII","PERCIFORMES","LABRIDAE","Calotomus","Calotomus carolinus",NA,"LC"
"324",190694,"ANIMALIA","CHORDATA","ACTINOPTERYGII","PERCIFORMES","LABRIDAE","Scarus","Scarus globiceps",NA,"LC"
"325",190713,"ANIMALIA","CHORDATA","ACTINOPTERYGII","PERCIFORMES","LABRIDAE","Scarus","Scarus spinus",NA,"LC"
"326",190728,"ANIMALIA","CHORDATA","ACTINOPTERYGII","PERCIFORMES","LABRIDAE","Chlorurus","Chlorurus microrhinos",NA,"LC"
"327",190736,"ANIMALIA","CHORDATA","ACTINOPTERYGII","PERCIFORMES","LABRIDAE","Scarus","Scarus psittacus",NA,"LC"
"328",190740,"ANIMALIA","CHORDATA","ACTINOPTERYGII","PERCIFORMES","LABRIDAE","Scarus","Scarus niger",NA,"LC"
"329",190749,"ANIMALIA","CHORDATA","ACTINOPTERYGII","PERCIFORMES","LABRIDAE","Scarus","Scarus pyrrostethus",NA,"LC"
"330",63571,"ANIMALIA","CHORDATA","ACTINOPTERYGII","PERCIFORMES","LABRIDAE","Bolbometopon","Bolbometopon muricatum",NA,"VU"
"331",154960,"ANIMALIA","CHORDATA","ACTINOPTERYGII","PERCIFORMES","LABRIDAE","Scarus","Scarus oviceps",NA,"LC"
"332",155314,"ANIMALIA","CHORDATA","ACTINOPTERYGII","PERCIFORMES","LABRIDAE","Pseudocheilinus","Pseudocheilinus ocellatus",NA,"LC"
"333",187373,"ANIMALIA","CHORDATA","ACTINOPTERYGII","PERCIFORMES","LABRIDAE","Hemigymnus","Hemigymnus fasciatus",NA,"LC"
"334",187381,"ANIMALIA","CHORDATA","ACTINOPTERYGII","PERCIFORMES","LABRIDAE","Thalassoma","Thalassoma lunare",NA,"LC"
"335",187396,"ANIMALIA","CHORDATA","ACTINOPTERYGII","PERCIFORMES","LABRIDAE","Labroides","Labroides dimidiatus",NA,"LC"
"336",187424,"ANIMALIA","CHORDATA","ACTINOPTERYGII","PERCIFORMES","LABRIDAE","Stethojulis","Stethojulis bandanensis",NA,"LC"
"337",187443,"ANIMALIA","CHORDATA","ACTINOPTERYGII","PERCIFORMES","LABRIDAE","Halichoeres","Halichoeres margaritaceus",NA,"LC"
"338",187474,"ANIMALIA","CHORDATA","ACTINOPTERYGII","PERCIFORMES","LABRIDAE","Halichoeres","Halichoeres trimaculatus",NA,"LC"
"339",187516,"ANIMALIA","CHORDATA","ACTINOPTERYGII","PERCIFORMES","LABRIDAE","Bodianus","Bodianus axillaris",NA,"LC"
"340",187527,"ANIMALIA","CHORDATA","ACTINOPTERYGII","PERCIFORMES","LABRIDAE","Hologymnosus","Hologymnosus doliatus",NA,"LC"
"341",187536,"ANIMALIA","CHORDATA","ACTINOPTERYGII","PERCIFORMES","LABRIDAE","Gomphosus","Gomphosus varius",NA,"LC"
"342",187564,"ANIMALIA","CHORDATA","ACTINOPTERYGII","PERCIFORMES","LABRIDAE","Halichoeres","Halichoeres melasmapomus",NA,"LC"
"343",187575,"ANIMALIA","CHORDATA","ACTINOPTERYGII","PERCIFORMES","LABRIDAE","Labroides","Labroides pectoralis",NA,"LC"
"344",187621,"ANIMALIA","CHORDATA","ACTINOPTERYGII","PERCIFORMES","LABRIDAE","Pseudocheilinus","Pseudocheilinus octotaenia",NA,"LC"
"345",187626,"ANIMALIA","CHORDATA","ACTINOPTERYGII","PERCIFORMES","LABRIDAE","Pseudojuloides","Pseudojuloides cerasinus",NA,"DD"
"346",187631,"ANIMALIA","CHORDATA","ACTINOPTERYGII","PERCIFORMES","LABRIDAE","Labrichthys","Labrichthys unilineatus",NA,"LC"
"347",187649,"ANIMALIA","CHORDATA","ACTINOPTERYGII","PERCIFORMES","LABRIDAE","Cheilinus","Cheilinus oxycephalus",NA,"LC"
"348",187658,"ANIMALIA","CHORDATA","ACTINOPTERYGII","PERCIFORMES","LABRIDAE","Pseudocheilinus","Pseudocheilinus evanidus",NA,"LC"
"349",187681,"ANIMALIA","CHORDATA","ACTINOPTERYGII","PERCIFORMES","LABRIDAE","Cymolutes","Cymolutes praetextatus",NA,"LC"
"350",187688,"ANIMALIA","CHORDATA","ACTINOPTERYGII","PERCIFORMES","LABRIDAE","Pseudocoris","Pseudocoris heteroptera",NA,"LC"
"351",187692,"ANIMALIA","CHORDATA","ACTINOPTERYGII","PERCIFORMES","LABRIDAE","Macropharyngodon","Macropharyngodon meleagris",NA,"LC"
"352",187699,"ANIMALIA","CHORDATA","ACTINOPTERYGII","PERCIFORMES","LABRIDAE","Halichoeres","Halichoeres claudia",NA,"LC"
"353",187705,"ANIMALIA","CHORDATA","ACTINOPTERYGII","PERCIFORMES","LABRIDAE","Iniistius","Iniistius pavo",NA,"LC"
"354",187707,"ANIMALIA","CHORDATA","ACTINOPTERYGII","PERCIFORMES","LABRIDAE","Thalassoma","Thalassoma trilobatum",NA,"LC"
"355",187713,"ANIMALIA","CHORDATA","ACTINOPTERYGII","PERCIFORMES","LABRIDAE","Pseudodax","Pseudodax moluccanus",NA,"LC"
"356",187715,"ANIMALIA","CHORDATA","ACTINOPTERYGII","PERCIFORMES","LABRIDAE","Bodianus","Bodianus anthioides",NA,"LC"
"357",187716,"ANIMALIA","CHORDATA","ACTINOPTERYGII","PERCIFORMES","LABRIDAE","Anampses","Anampses caeruleopunctatus",NA,"LC"
"358",187723,"ANIMALIA","CHORDATA","ACTINOPTERYGII","PERCIFORMES","LABRIDAE","Anampses","Anampses meleagrides",NA,"LC"
"359",187755,"ANIMALIA","CHORDATA","ACTINOPTERYGII","PERCIFORMES","LABRIDAE","Labroides","Labroides rubrolabiatus",NA,"LC"
"360",187767,"ANIMALIA","CHORDATA","ACTINOPTERYGII","PERCIFORMES","LABRIDAE","Labroides","Labroides bicolor",NA,"LC"
"361",187784,"ANIMALIA","CHORDATA","ACTINOPTERYGII","PERCIFORMES","LABRIDAE","Anampses","Anampses twistii",NA,"LC"
"362",187802,"ANIMALIA","CHORDATA","ACTINOPTERYGII","PERCIFORMES","LABRIDAE","Coris","Coris aygula",NA,"LC"
"363",190704,"ANIMALIA","CHORDATA","ACTINOPTERYGII","PERCIFORMES","LABRIDAE","Scarus","Scarus tricolor",NA,"LC"
"364",190727,"ANIMALIA","CHORDATA","ACTINOPTERYGII","PERCIFORMES","LABRIDAE","Chlorurus","Chlorurus spilurus",NA,"LC"
"365",190731,"ANIMALIA","CHORDATA","ACTINOPTERYGII","PERCIFORMES","LABRIDAE","Scarus","Scarus rubroviolaceus",NA,"LC"
"366",190745,"ANIMALIA","CHORDATA","ACTINOPTERYGII","PERCIFORMES","LABRIDAE","Hipposcarus","Hipposcarus longiceps",NA,"LC"
"367",190755,"ANIMALIA","CHORDATA","ACTINOPTERYGII","PERCIFORMES","LABRIDAE","Scarus","Scarus frenatus",NA,"LC"
"368",190762,"ANIMALIA","CHORDATA","ACTINOPTERYGII","PERCIFORMES","LABRIDAE","Chlorurus","Chlorurus frontalis",NA,"LC"
"369",22694821,"ANIMALIA","CHORDATA","AVES","CHARADRIIFORMES","LARIDAE","Gygis","Gygis alba",NA,"LC"
"370",22698436,"ANIMALIA","CHORDATA","AVES","PROCELLARIIFORMES","OCEANITIDAE","Oceanites","Oceanites oceanicus",NA,"LC"
"371",22698471,"ANIMALIA","CHORDATA","AVES","PROCELLARIIFORMES","OCEANITIDAE","Nesofregetta","Nesofregetta fuliginosa",NA,"EN"
"372",22694722,"ANIMALIA","CHORDATA","AVES","CHARADRIIFORMES","LARIDAE","Onychoprion","Onychoprion lunatus",NA,"LC"
"373",22727746,"ANIMALIA","CHORDATA","AVES","CHARADRIIFORMES","LARIDAE","Anous","Anous ceruleus",NA,"LC"
"374",22698027,"ANIMALIA","CHORDATA","AVES","PROCELLARIIFORMES","PROCELLARIIDAE","Pterodroma","Pterodroma neglecta",NA,"LC"
"375",22698001,"ANIMALIA","CHORDATA","AVES","PROCELLARIIFORMES","PROCELLARIIDAE","Pterodroma","Pterodroma alba",NA,"EN"
"376",22697957,"ANIMALIA","CHORDATA","AVES","PROCELLARIIFORMES","PROCELLARIIDAE","Pterodroma","Pterodroma cervicalis",NA,"VU"
"377",22698012,"ANIMALIA","CHORDATA","AVES","PROCELLARIIFORMES","PROCELLARIIDAE","Pterodroma","Pterodroma heraldica",NA,"LC"
"378",22697997,"ANIMALIA","CHORDATA","AVES","PROCELLARIIFORMES","PROCELLARIIDAE","Pterodroma","Pterodroma longirostris",NA,"VU"
"379",22734070,"ANIMALIA","CHORDATA","AVES","PROCELLARIIFORMES","PROCELLARIIDAE","Puffinus","Puffinus bailloni",NA,"LC"
"380",22698222,"ANIMALIA","CHORDATA","AVES","PROCELLARIIFORMES","PROCELLARIIDAE","Puffinus","Puffinus nativitatis",NA,"LC"
"381",22697975,"ANIMALIA","CHORDATA","AVES","PROCELLARIIFORMES","PROCELLARIIDAE","Pterodroma","Pterodroma cookii",NA,"VU"
"382",22697963,"ANIMALIA","CHORDATA","AVES","PROCELLARIIFORMES","PROCELLARIIDAE","Pterodroma","Pterodroma inexpectata",NA,"NT"
"383",22697954,"ANIMALIA","CHORDATA","AVES","PROCELLARIIFORMES","PROCELLARIIDAE","Pterodroma","Pterodroma nigripennis",NA,"LC"
"384",22697970,"ANIMALIA","CHORDATA","AVES","PROCELLARIIFORMES","PROCELLARIIDAE","Pterodroma","Pterodroma leucoptera",NA,"VU"
"385",22697984,"ANIMALIA","CHORDATA","AVES","PROCELLARIIFORMES","PROCELLARIIDAE","Pterodroma","Pterodroma pycrofti",NA,"VU"
"386",22698017,"ANIMALIA","CHORDATA","AVES","PROCELLARIIFORMES","PROCELLARIIDAE","Pterodroma","Pterodroma sandwichensis",NA,"EN"
"387",22698042,"ANIMALIA","CHORDATA","AVES","PROCELLARIIFORMES","PROCELLARIIDAE","Pterodroma","Pterodroma solandri",NA,"VU"
"388",22698039,"ANIMALIA","CHORDATA","AVES","PROCELLARIIFORMES","PROCELLARIIDAE","Pterodroma","Pterodroma ultima",NA,"NT"
"389",22736173,"ANIMALIA","CHORDATA","AVES","SULIFORMES","SULIDAE","Sula","Sula dactylatra",NA,"LC"
"390",22696698,"ANIMALIA","CHORDATA","AVES","SULIFORMES","SULIDAE","Sula","Sula leucogaster",NA,"LC"
"391",22696694,"ANIMALIA","CHORDATA","AVES","SULIFORMES","SULIDAE","Sula","Sula sula",NA,"LC"
"392",22698182,"ANIMALIA","CHORDATA","AVES","PROCELLARIIFORMES","PROCELLARIIDAE","Ardenna","Ardenna bulleri",NA,"VU"
"393",22697987,"ANIMALIA","CHORDATA","AVES","PROCELLARIIFORMES","PROCELLARIIDAE","Pterodroma","Pterodroma brevipes",NA,"VU"
"394",22696641,"ANIMALIA","CHORDATA","AVES","PHAETHONTIFORMES","PHAETHONTIDAE","Phaethon","Phaethon rubricauda",NA,"LC"
"395",22694794,"ANIMALIA","CHORDATA","AVES","CHARADRIIFORMES","LARIDAE","Anous","Anous stolidus",NA,"LC"
"396",22694799,"ANIMALIA","CHORDATA","AVES","CHARADRIIFORMES","LARIDAE","Anous","Anous minutus",NA,"LC"
"397",22697738,"ANIMALIA","CHORDATA","AVES","SULIFORMES","FREGATIDAE","Fregata","Fregata ariel",NA,"LC"
"398",22696645,"ANIMALIA","CHORDATA","AVES","PHAETHONTIFORMES","PHAETHONTIDAE","Phaethon","Phaethon lepturus",NA,"LC"
"399",22698188,"ANIMALIA","CHORDATA","AVES","PROCELLARIIFORMES","PROCELLARIIDAE","Ardenna","Ardenna carneipes",NA,"NT"
"400",22698175,"ANIMALIA","CHORDATA","AVES","PROCELLARIIFORMES","PROCELLARIIDAE","Ardenna","Ardenna pacifica",NA,"LC"
"401",22698216,"ANIMALIA","CHORDATA","AVES","PROCELLARIIFORMES","PROCELLARIIDAE","Ardenna","Ardenna tenuirostris",NA,"LC"
"402",22698132,"ANIMALIA","CHORDATA","AVES","PROCELLARIIFORMES","PROCELLARIIDAE","Bulweria","Bulweria bulwerii",NA,"LC"
"403",22697733,"ANIMALIA","CHORDATA","AVES","SULIFORMES","FREGATIDAE","Fregata","Fregata minor",NA,"LC"
"404",22694740,"ANIMALIA","CHORDATA","AVES","CHARADRIIFORMES","LARIDAE","Onychoprion","Onychoprion fuscatus",NA,"LC"
"405",22698209,"ANIMALIA","CHORDATA","AVES","PROCELLARIIFORMES","PROCELLARIIDAE","Ardenna","Ardenna grisea",NA,"NT"
"406",22698350,"ANIMALIA","CHORDATA","AVES","PROCELLARIIFORMES","DIOMEDEIDAE","Phoebastria","Phoebastria nigripes",NA,"NT"
"407",132341128,"ANIMALIA","CHORDATA","AVES","PROCELLARIIFORMES","HYDROBATIDAE","Hydrobates","Hydrobates castro",NA,"LC"
"408",132438298,"ANIMALIA","CHORDATA","AVES","PROCELLARIIFORMES","HYDROBATIDAE","Hydrobates","Hydrobates leucorhous",NA,"VU"
"409",132467692,"ANIMALIA","CHORDATA","AVES","PROCELLARIIFORMES","PROCELLARIIDAE","Puffinus","Puffinus newelli",NA,"CR"
