"","shp_iucn_sid","iucn_sid","sciname","presence","subpop","dbf_file","max_depth","comp_assessed"
"1",155308,155308,"Centropyge loricula",1,NA,"/home/shares/ohi/git-annex/globalprep/_raw_data/iucn_spp/d2018-1/ANGELFISH.dbf","< 200 m",TRUE
"2",165878,165878,"Centropyge flavissima",1,NA,"/home/shares/ohi/git-annex/globalprep/_raw_data/iucn_spp/d2018-1/ANGELFISH.dbf","< 200 m",TRUE
"3",165841,165841,"Apolemichthys xanthopunctatus",1,NA,"/home/shares/ohi/git-annex/globalprep/_raw_data/iucn_spp/d2018-1/ANGELFISH.dbf","< 200 m",TRUE
"4",165862,165862,"Pomacanthus imperator",1,NA,"/home/shares/ohi/git-annex/globalprep/_raw_data/iucn_spp/d2018-1/ANGELFISH.dbf","< 200 m",TRUE
"5",165871,165871,"Centropyge bispinosa",1,NA,"/home/shares/ohi/git-annex/globalprep/_raw_data/iucn_spp/d2018-1/ANGELFISH.dbf","< 200 m",TRUE
"6",165828,165828,"Centropyge fisheri",1,NA,"/home/shares/ohi/git-annex/globalprep/_raw_data/iucn_spp/d2018-1/ANGELFISH.dbf","< 200 m",TRUE
"7",165897,165897,"Centropyge nigriocellus",1,NA,"/home/shares/ohi/git-annex/globalprep/_raw_data/iucn_spp/d2018-1/ANGELFISH.dbf","< 200 m",TRUE
"8",194307,194307,"Elops hawaiensis",1,NA,"/home/shares/ohi/git-annex/globalprep/_raw_data/iucn_spp/d2018-1/BONEFISH_TARPONS.dbf","200 m +",TRUE
"9",165631,165631,"Chaetodon auriga",1,NA,"/home/shares/ohi/git-annex/globalprep/_raw_data/iucn_spp/d2018-1/BUTTERFLYFISH.dbf","< 200 m",TRUE
"10",165665,165665,"Chaetodon ulietensis",1,NA,"/home/shares/ohi/git-annex/globalprep/_raw_data/iucn_spp/d2018-1/BUTTERFLYFISH.dbf","< 200 m",TRUE
"11",165667,165667,"Forcipiger longirostris",1,NA,"/home/shares/ohi/git-annex/globalprep/_raw_data/iucn_spp/d2018-1/BUTTERFLYFISH.dbf","< 200 m",TRUE
"12",165668,165668,"Chaetodon citrinellus",1,NA,"/home/shares/ohi/git-annex/globalprep/_raw_data/iucn_spp/d2018-1/BUTTERFLYFISH.dbf","< 200 m",TRUE
"13",165672,165672,"Hemitaurichthys polylepis",1,NA,"/home/shares/ohi/git-annex/globalprep/_raw_data/iucn_spp/d2018-1/BUTTERFLYFISH.dbf","< 200 m",TRUE
"14",165628,165628,"Chaetodon kleinii",1,NA,"/home/shares/ohi/git-annex/globalprep/_raw_data/iucn_spp/d2018-1/BUTTERFLYFISH.dbf","< 200 m",TRUE
"15",165626,165626,"Heniochus acuminatus",1,NA,"/home/shares/ohi/git-annex/globalprep/_raw_data/iucn_spp/d2018-1/BUTTERFLYFISH.dbf","< 200 m",TRUE
"16",165630,165630,"Chaetodon vagabundus",1,NA,"/home/shares/ohi/git-annex/globalprep/_raw_data/iucn_spp/d2018-1/BUTTERFLYFISH.dbf","< 200 m",TRUE
"17",165632,165632,"Chaetodon punctatofasciatus",1,NA,"/home/shares/ohi/git-annex/globalprep/_raw_data/iucn_spp/d2018-1/BUTTERFLYFISH.dbf","< 200 m",TRUE
"18",165638,165638,"Chaetodon meyeri",1,NA,"/home/shares/ohi/git-annex/globalprep/_raw_data/iucn_spp/d2018-1/BUTTERFLYFISH.dbf","< 200 m",TRUE
"19",165641,165641,"Chaetodon ornatissimus",1,NA,"/home/shares/ohi/git-annex/globalprep/_raw_data/iucn_spp/d2018-1/BUTTERFLYFISH.dbf","< 200 m",TRUE
"20",165651,165651,"Chaetodon lunula",1,NA,"/home/shares/ohi/git-annex/globalprep/_raw_data/iucn_spp/d2018-1/BUTTERFLYFISH.dbf","< 200 m",TRUE
"21",165669,165669,"Chaetodon lineolatus",1,NA,"/home/shares/ohi/git-annex/globalprep/_raw_data/iucn_spp/d2018-1/BUTTERFLYFISH.dbf","< 200 m",TRUE
"22",165704,165704,"Chaetodon lunulatus",1,NA,"/home/shares/ohi/git-annex/globalprep/_raw_data/iucn_spp/d2018-1/BUTTERFLYFISH.dbf","< 200 m",TRUE
"23",165712,165712,"Chaetodon trifascialis",1,NA,"/home/shares/ohi/git-annex/globalprep/_raw_data/iucn_spp/d2018-1/BUTTERFLYFISH.dbf","unknown",TRUE
"24",165713,165713,"Chaetodon reticulatus",1,NA,"/home/shares/ohi/git-annex/globalprep/_raw_data/iucn_spp/d2018-1/BUTTERFLYFISH.dbf","< 200 m",TRUE
"25",165714,165714,"Chaetodon unimaculatus",1,NA,"/home/shares/ohi/git-annex/globalprep/_raw_data/iucn_spp/d2018-1/BUTTERFLYFISH.dbf","< 200 m",TRUE
"26",165716,165716,"Forcipiger flavissimus",1,NA,"/home/shares/ohi/git-annex/globalprep/_raw_data/iucn_spp/d2018-1/BUTTERFLYFISH.dbf","< 200 m",TRUE
"27",165725,165725,"Chaetodon semeion",1,NA,"/home/shares/ohi/git-annex/globalprep/_raw_data/iucn_spp/d2018-1/BUTTERFLYFISH.dbf","< 200 m",TRUE
"28",154788,154788,"Hemitaurichthys thompsoni",1,NA,"/home/shares/ohi/git-annex/globalprep/_raw_data/iucn_spp/d2018-1/BUTTERFLYFISH.dbf","< 200 m",TRUE
"29",165678,165678,"Chaetodon quadrimaculatus",1,NA,"/home/shares/ohi/git-annex/globalprep/_raw_data/iucn_spp/d2018-1/BUTTERFLYFISH.dbf","< 200 m",TRUE
"30",165681,165681,"Chaetodon ephippium",1,NA,"/home/shares/ohi/git-annex/globalprep/_raw_data/iucn_spp/d2018-1/BUTTERFLYFISH.dbf","< 200 m",TRUE
"31",165686,165686,"Chaetodon bennetti",1,NA,"/home/shares/ohi/git-annex/globalprep/_raw_data/iucn_spp/d2018-1/BUTTERFLYFISH.dbf","< 200 m",TRUE
"32",3855,3855,"Carcharodon carcharias",1,NA,"/home/shares/ohi/git-annex/globalprep/_raw_data/iucn_spp/d2018-1/CHONDRICHTHYES.dbf","200 m +",TRUE
"33",19488,19488,"Rhincodon typus",1,NA,"/home/shares/ohi/git-annex/globalprep/_raw_data/iucn_spp/d2018-1/CHONDRICHTHYES.dbf","200 m +",TRUE
"34",39337,39337,"Pseudocarcharias kamoharai",1,NA,"/home/shares/ohi/git-annex/globalprep/_raw_data/iucn_spp/d2018-1/CHONDRICHTHYES.dbf","200 m +",TRUE
"35",39338,39338,"Megachasma pelagios",1,NA,"/home/shares/ohi/git-annex/globalprep/_raw_data/iucn_spp/d2018-1/CHONDRICHTHYES.dbf","200 m +",TRUE
"36",39339,39339,"Alopias vulpinus",1,NA,"/home/shares/ohi/git-annex/globalprep/_raw_data/iucn_spp/d2018-1/CHONDRICHTHYES.dbf","200 m +",TRUE
"37",39341,39341,"Isurus oxyrinchus",1,NA,"/home/shares/ohi/git-annex/globalprep/_raw_data/iucn_spp/d2018-1/CHONDRICHTHYES.dbf","200 m +",TRUE
"38",39365,39365,"Carcharhinus amblyrhynchos",1,NA,"/home/shares/ohi/git-annex/globalprep/_raw_data/iucn_spp/d2018-1/CHONDRICHTHYES.dbf","unknown",TRUE
"39",39370,39370,"Carcharhinus falciformis",1,NA,"/home/shares/ohi/git-annex/globalprep/_raw_data/iucn_spp/d2018-1/CHONDRICHTHYES.dbf","200 m +",TRUE
"40",39374,39374,"Carcharhinus longimanus",1,NA,"/home/shares/ohi/git-annex/globalprep/_raw_data/iucn_spp/d2018-1/CHONDRICHTHYES.dbf","200 m +",TRUE
"41",39378,39378,"Galeocerdo cuvier",1,NA,"/home/shares/ohi/git-annex/globalprep/_raw_data/iucn_spp/d2018-1/CHONDRICHTHYES.dbf","200 m +",TRUE
"42",39381,39381,"Prionace glauca",1,NA,"/home/shares/ohi/git-annex/globalprep/_raw_data/iucn_spp/d2018-1/CHONDRICHTHYES.dbf","200 m +",TRUE
"43",39384,39384,"Triaenodon obesus",1,NA,"/home/shares/ohi/git-annex/globalprep/_raw_data/iucn_spp/d2018-1/CHONDRICHTHYES.dbf","200 m +",TRUE
"44",39415,39415,"Aetobatus narinari",1,NA,"/home/shares/ohi/git-annex/globalprep/_raw_data/iucn_spp/d2018-1/CHONDRICHTHYES.dbf","200 m +",TRUE
"45",60210,60210,"Euprotomicrus bispinatus",1,NA,"/home/shares/ohi/git-annex/globalprep/_raw_data/iucn_spp/d2018-1/CHONDRICHTHYES.dbf","200 m +",TRUE
"46",60225,60225,"Isurus paucus",1,NA,"/home/shares/ohi/git-annex/globalprep/_raw_data/iucn_spp/d2018-1/CHONDRICHTHYES.dbf","200 m +",TRUE
"47",161597,161597,"Alopias pelagicus",1,NA,"/home/shares/ohi/git-annex/globalprep/_raw_data/iucn_spp/d2018-1/CHONDRICHTHYES.dbf","200 m +",TRUE
"48",161696,161696,"Alopias superciliosus",1,NA,"/home/shares/ohi/git-annex/globalprep/_raw_data/iucn_spp/d2018-1/CHONDRICHTHYES.dbf","200 m +",TRUE
"49",161731,161731,"Pteroplatytrygon violacea",1,NA,"/home/shares/ohi/git-annex/globalprep/_raw_data/iucn_spp/d2018-1/CHONDRICHTHYES.dbf","< 200 m",TRUE
"50",195459,195459,"Mobula alfredi",1,NA,"/home/shares/ohi/git-annex/globalprep/_raw_data/iucn_spp/d2018-1/CHONDRICHTHYES.dbf","200 m +",TRUE
"51",198921,198921,"Mobula birostris",1,NA,"/home/shares/ohi/git-annex/globalprep/_raw_data/iucn_spp/d2018-1/CHONDRICHTHYES.dbf","200 m +",TRUE
"52",42566169,42566169,"Aetobatus ocellatus",1,NA,"/home/shares/ohi/git-annex/globalprep/_raw_data/iucn_spp/d2018-1/CHONDRICHTHYES.dbf","200 m +",TRUE
"53",178932,178932,"Enneapterygius tutuilae",1,NA,"/home/shares/ohi/git-annex/globalprep/_raw_data/iucn_spp/d2018-1/COMBTOOTHBLENNIES.dbf","< 200 m",TRUE
"54",46079801,46079801,"Istiblennius edentulus",1,NA,"/home/shares/ohi/git-annex/globalprep/_raw_data/iucn_spp/d2018-1/COMBTOOTHBLENNIES.dbf","< 200 m",TRUE
"55",48342402,48342402,"Cirripectes variolosus",1,NA,"/home/shares/ohi/git-annex/globalprep/_raw_data/iucn_spp/d2018-1/COMBTOOTHBLENNIES.dbf","< 200 m",TRUE
"56",48342428,48342428,"Cirripectes quagga",1,NA,"/home/shares/ohi/git-annex/globalprep/_raw_data/iucn_spp/d2018-1/COMBTOOTHBLENNIES.dbf","< 200 m",TRUE
"57",48342519,48342519,"Rhabdoblennius rhabdotrachelus",1,NA,"/home/shares/ohi/git-annex/globalprep/_raw_data/iucn_spp/d2018-1/COMBTOOTHBLENNIES.dbf","< 200 m",TRUE
"58",48342126,48342126,"Blenniella paula",1,NA,"/home/shares/ohi/git-annex/globalprep/_raw_data/iucn_spp/d2018-1/COMBTOOTHBLENNIES.dbf","< 200 m",TRUE
"59",48342137,48342137,"Exallias brevis",1,NA,"/home/shares/ohi/git-annex/globalprep/_raw_data/iucn_spp/d2018-1/COMBTOOTHBLENNIES.dbf","unknown",TRUE
"60",48342105,48342105,"Cirripectes auritus",1,NA,"/home/shares/ohi/git-annex/globalprep/_raw_data/iucn_spp/d2018-1/COMBTOOTHBLENNIES.dbf","< 200 m",TRUE
"61",48342213,48342213,"Entomacrodus striatus",1,NA,"/home/shares/ohi/git-annex/globalprep/_raw_data/iucn_spp/d2018-1/COMBTOOTHBLENNIES.dbf","< 200 m",TRUE
"62",48342168,48342168,"Omobranchus obliquus",1,NA,"/home/shares/ohi/git-annex/globalprep/_raw_data/iucn_spp/d2018-1/COMBTOOTHBLENNIES.dbf","< 200 m",TRUE
"63",48342248,48342248,"Cirripectes polyzona",1,NA,"/home/shares/ohi/git-annex/globalprep/_raw_data/iucn_spp/d2018-1/COMBTOOTHBLENNIES.dbf","< 200 m",TRUE
"64",48342260,48342260,"Entomacrodus cymatobiotus",1,NA,"/home/shares/ohi/git-annex/globalprep/_raw_data/iucn_spp/d2018-1/COMBTOOTHBLENNIES.dbf","< 200 m",TRUE
"65",48342265,48342265,"Entomacrodus thalassinus",1,NA,"/home/shares/ohi/git-annex/globalprep/_raw_data/iucn_spp/d2018-1/COMBTOOTHBLENNIES.dbf","< 200 m",TRUE
"66",48342306,48342306,"Cirripectes jenningsi",1,NA,"/home/shares/ohi/git-annex/globalprep/_raw_data/iucn_spp/d2018-1/COMBTOOTHBLENNIES.dbf","< 200 m",TRUE
"67",48342309,48342309,"Petroscirtes xestus",1,NA,"/home/shares/ohi/git-annex/globalprep/_raw_data/iucn_spp/d2018-1/COMBTOOTHBLENNIES.dbf","< 200 m",TRUE
"68",48342333,48342333,"Ecsenius midas",1,NA,"/home/shares/ohi/git-annex/globalprep/_raw_data/iucn_spp/d2018-1/COMBTOOTHBLENNIES.dbf","< 200 m",TRUE
"69",48342346,48342346,"Aspidontus taeniatus",1,NA,"/home/shares/ohi/git-annex/globalprep/_raw_data/iucn_spp/d2018-1/COMBTOOTHBLENNIES.dbf","unknown",TRUE
"70",48342366,48342366,"Plagiotremus tapeinosoma",1,NA,"/home/shares/ohi/git-annex/globalprep/_raw_data/iucn_spp/d2018-1/COMBTOOTHBLENNIES.dbf","< 200 m",TRUE
"71",48342422,48342422,"Blenniella gibbifrons",1,NA,"/home/shares/ohi/git-annex/globalprep/_raw_data/iucn_spp/d2018-1/COMBTOOTHBLENNIES.dbf","< 200 m",TRUE
"72",48342477,48342477,"Plagiotremus rhinorhynchos",1,NA,"/home/shares/ohi/git-annex/globalprep/_raw_data/iucn_spp/d2018-1/COMBTOOTHBLENNIES.dbf","< 200 m",TRUE
"73",192428,192428,"Conus rattus",1,NA,"/home/shares/ohi/git-annex/globalprep/_raw_data/iucn_spp/d2018-1/CONUS.dbf","< 200 m",TRUE
"74",192879,192879,"Conus pertusus",1,NA,"/home/shares/ohi/git-annex/globalprep/_raw_data/iucn_spp/d2018-1/CONUS.dbf","< 200 m",TRUE
"75",192573,192573,"Conus magnificus",1,NA,"/home/shares/ohi/git-annex/globalprep/_raw_data/iucn_spp/d2018-1/CONUS.dbf","< 200 m",TRUE
"76",192593,192593,"Conus imperialis",1,NA,"/home/shares/ohi/git-annex/globalprep/_raw_data/iucn_spp/d2018-1/CONUS.dbf","< 200 m",TRUE
"77",192811,192811,"Conus planorbis",1,NA,"/home/shares/ohi/git-annex/globalprep/_raw_data/iucn_spp/d2018-1/CONUS.dbf","< 200 m",TRUE
"78",192812,192812,"Conus quercinus",1,NA,"/home/shares/ohi/git-annex/globalprep/_raw_data/iucn_spp/d2018-1/CONUS.dbf","< 200 m",TRUE
"79",192815,192815,"Conus auricomus",1,NA,"/home/shares/ohi/git-annex/globalprep/_raw_data/iucn_spp/d2018-1/CONUS.dbf","< 200 m",TRUE
"80",192305,192305,"Conus distans",1,NA,"/home/shares/ohi/git-annex/globalprep/_raw_data/iucn_spp/d2018-1/CONUS.dbf","< 200 m",TRUE
"81",192316,192316,"Conus textile",1,NA,"/home/shares/ohi/git-annex/globalprep/_raw_data/iucn_spp/d2018-1/CONUS.dbf","< 200 m",TRUE
"82",192318,192318,"Conus nussatella",1,NA,"/home/shares/ohi/git-annex/globalprep/_raw_data/iucn_spp/d2018-1/CONUS.dbf","< 200 m",TRUE
"83",192321,192321,"Conus striatus",1,NA,"/home/shares/ohi/git-annex/globalprep/_raw_data/iucn_spp/d2018-1/CONUS.dbf","< 200 m",TRUE
"84",192634,192634,"Conus miles",1,NA,"/home/shares/ohi/git-annex/globalprep/_raw_data/iucn_spp/d2018-1/CONUS.dbf","< 200 m",TRUE
"85",192636,192636,"Conus coronatus",1,NA,"/home/shares/ohi/git-annex/globalprep/_raw_data/iucn_spp/d2018-1/CONUS.dbf","< 200 m",TRUE
"86",192296,192296,"Conus sanguinolentus",1,NA,"/home/shares/ohi/git-annex/globalprep/_raw_data/iucn_spp/d2018-1/CONUS.dbf","< 200 m",TRUE
"87",192297,192297,"Conus bullatus",1,NA,"/home/shares/ohi/git-annex/globalprep/_raw_data/iucn_spp/d2018-1/CONUS.dbf","< 200 m",TRUE
"88",192342,192342,"Conus emaciatus",1,NA,"/home/shares/ohi/git-annex/globalprep/_raw_data/iucn_spp/d2018-1/CONUS.dbf","< 200 m",TRUE
"89",192367,192367,"Conus catus",1,NA,"/home/shares/ohi/git-annex/globalprep/_raw_data/iucn_spp/d2018-1/CONUS.dbf","< 200 m",TRUE
"90",192378,192378,"Conus litoglyphus",1,NA,"/home/shares/ohi/git-annex/globalprep/_raw_data/iucn_spp/d2018-1/CONUS.dbf","< 200 m",TRUE
"91",192386,192386,"Conus leopardus",1,NA,"/home/shares/ohi/git-annex/globalprep/_raw_data/iucn_spp/d2018-1/CONUS.dbf","< 200 m",TRUE
"92",192704,192704,"Conus acutangulus",1,NA,"/home/shares/ohi/git-annex/globalprep/_raw_data/iucn_spp/d2018-1/CONUS.dbf","< 200 m",TRUE
"93",192419,192419,"Conus frigidus",1,NA,"/home/shares/ohi/git-annex/globalprep/_raw_data/iucn_spp/d2018-1/CONUS.dbf","< 200 m",TRUE
"94",192424,192424,"Conus obscurus",1,NA,"/home/shares/ohi/git-annex/globalprep/_raw_data/iucn_spp/d2018-1/CONUS.dbf","< 200 m",TRUE
"95",192440,192440,"Conus circumactus",1,NA,"/home/shares/ohi/git-annex/globalprep/_raw_data/iucn_spp/d2018-1/CONUS.dbf","< 200 m",TRUE
"96",192460,192460,"Conus generalis",1,NA,"/home/shares/ohi/git-annex/globalprep/_raw_data/iucn_spp/d2018-1/CONUS.dbf","< 200 m",TRUE
"97",192506,192506,"Conus pulicarius",1,NA,"/home/shares/ohi/git-annex/globalprep/_raw_data/iucn_spp/d2018-1/CONUS.dbf","< 200 m",TRUE
"98",192521,192521,"Conus retifer",1,NA,"/home/shares/ohi/git-annex/globalprep/_raw_data/iucn_spp/d2018-1/CONUS.dbf","< 200 m",TRUE
"99",192538,192538,"Conus ferrugineus",1,NA,"/home/shares/ohi/git-annex/globalprep/_raw_data/iucn_spp/d2018-1/CONUS.dbf","< 200 m",TRUE
"100",192562,192562,"Conus flavidus",1,NA,"/home/shares/ohi/git-annex/globalprep/_raw_data/iucn_spp/d2018-1/CONUS.dbf","< 200 m",TRUE
"101",192563,192563,"Conus aulicus",1,NA,"/home/shares/ohi/git-annex/globalprep/_raw_data/iucn_spp/d2018-1/CONUS.dbf","< 200 m",TRUE
"102",192564,192564,"Conus moreleti",1,NA,"/home/shares/ohi/git-annex/globalprep/_raw_data/iucn_spp/d2018-1/CONUS.dbf","unknown",TRUE
"103",192567,192567,"Conus mitratus",1,NA,"/home/shares/ohi/git-annex/globalprep/_raw_data/iucn_spp/d2018-1/CONUS.dbf","< 200 m",TRUE
"104",192580,192580,"Conus chaldaeus",1,NA,"/home/shares/ohi/git-annex/globalprep/_raw_data/iucn_spp/d2018-1/CONUS.dbf","< 200 m",TRUE
"105",192586,192586,"Conus terebra",1,NA,"/home/shares/ohi/git-annex/globalprep/_raw_data/iucn_spp/d2018-1/CONUS.dbf","< 200 m",TRUE
"106",192587,192587,"Conus bandanus",1,NA,"/home/shares/ohi/git-annex/globalprep/_raw_data/iucn_spp/d2018-1/CONUS.dbf","< 200 m",TRUE
"107",192611,192611,"Conus ebraeus",1,NA,"/home/shares/ohi/git-annex/globalprep/_raw_data/iucn_spp/d2018-1/CONUS.dbf","< 200 m",TRUE
"108",192664,192664,"Conus episcopatus",1,NA,"/home/shares/ohi/git-annex/globalprep/_raw_data/iucn_spp/d2018-1/CONUS.dbf","< 200 m",TRUE
"109",192674,192674,"Conus sponsalis",1,NA,"/home/shares/ohi/git-annex/globalprep/_raw_data/iucn_spp/d2018-1/CONUS.dbf","< 200 m",TRUE
"110",192694,192694,"Conus varius",1,NA,"/home/shares/ohi/git-annex/globalprep/_raw_data/iucn_spp/d2018-1/CONUS.dbf","< 200 m",TRUE
"111",192700,192700,"Conus eburneus",1,NA,"/home/shares/ohi/git-annex/globalprep/_raw_data/iucn_spp/d2018-1/CONUS.dbf","< 200 m",TRUE
"112",192719,192719,"Conus litteratus",1,NA,"/home/shares/ohi/git-annex/globalprep/_raw_data/iucn_spp/d2018-1/CONUS.dbf","< 200 m",TRUE
"113",192722,192722,"Conus glans",1,NA,"/home/shares/ohi/git-annex/globalprep/_raw_data/iucn_spp/d2018-1/CONUS.dbf","< 200 m",TRUE
"114",192772,192772,"Conus geographus",1,NA,"/home/shares/ohi/git-annex/globalprep/_raw_data/iucn_spp/d2018-1/CONUS.dbf","< 200 m",TRUE
"115",192778,192778,"Conus vexillum",1,NA,"/home/shares/ohi/git-annex/globalprep/_raw_data/iucn_spp/d2018-1/CONUS.dbf","< 200 m",TRUE
"116",192737,192737,"Conus canonicus",1,NA,"/home/shares/ohi/git-annex/globalprep/_raw_data/iucn_spp/d2018-1/CONUS.dbf","< 200 m",TRUE
"117",192743,192743,"Conus tessulatus",1,NA,"/home/shares/ohi/git-annex/globalprep/_raw_data/iucn_spp/d2018-1/CONUS.dbf","< 200 m",TRUE
"118",192754,192754,"Conus coffeae",1,NA,"/home/shares/ohi/git-annex/globalprep/_raw_data/iucn_spp/d2018-1/CONUS.dbf","< 200 m",TRUE
"119",192789,192789,"Conus tulipa",1,NA,"/home/shares/ohi/git-annex/globalprep/_raw_data/iucn_spp/d2018-1/CONUS.dbf","< 200 m",TRUE
"120",192793,192793,"Conus cylindraceus",1,NA,"/home/shares/ohi/git-annex/globalprep/_raw_data/iucn_spp/d2018-1/CONUS.dbf","< 200 m",TRUE
"121",192844,192844,"Conus lividus",1,NA,"/home/shares/ohi/git-annex/globalprep/_raw_data/iucn_spp/d2018-1/CONUS.dbf","< 200 m",TRUE
"122",192853,192853,"Conus virgo",1,NA,"/home/shares/ohi/git-annex/globalprep/_raw_data/iucn_spp/d2018-1/CONUS.dbf","< 200 m",TRUE
"123",192870,192870,"Conus arenatus",1,NA,"/home/shares/ohi/git-annex/globalprep/_raw_data/iucn_spp/d2018-1/CONUS.dbf","< 200 m",TRUE
"124",133646,133646,"Montipora verrucosa",1,NA,"/home/shares/ohi/git-annex/globalprep/_raw_data/iucn_spp/d2018-1/CORALS_PART_1.dbf","< 200 m",TRUE
"125",133700,133700,"Montipora hoffmeisteri",1,NA,"/home/shares/ohi/git-annex/globalprep/_raw_data/iucn_spp/d2018-1/CORALS_PART_1.dbf","< 200 m",TRUE
"126",133314,133314,"Montipora aequituberculata",1,NA,"/home/shares/ohi/git-annex/globalprep/_raw_data/iucn_spp/d2018-1/CORALS_PART_1.dbf","< 200 m",TRUE
"127",133066,133066,"Montipora informis",1,NA,"/home/shares/ohi/git-annex/globalprep/_raw_data/iucn_spp/d2018-1/CORALS_PART_1.dbf","< 200 m",TRUE
"128",133185,133185,"Montipora calcarea",1,NA,"/home/shares/ohi/git-annex/globalprep/_raw_data/iucn_spp/d2018-1/CORALS_PART_1.dbf","< 200 m",TRUE
"129",133196,133196,"Montipora incrassata",1,NA,"/home/shares/ohi/git-annex/globalprep/_raw_data/iucn_spp/d2018-1/CORALS_PART_1.dbf","< 200 m",TRUE
"130",133252,133252,"Acropora tortuosa",1,NA,"/home/shares/ohi/git-annex/globalprep/_raw_data/iucn_spp/d2018-1/CORALS_PART_1.dbf","< 200 m",TRUE
"131",133013,133013,"Acropora grandis",1,NA,"/home/shares/ohi/git-annex/globalprep/_raw_data/iucn_spp/d2018-1/CORALS_PART_1.dbf","< 200 m",TRUE
"132",133021,133021,"Acropora microphthalma",1,NA,"/home/shares/ohi/git-annex/globalprep/_raw_data/iucn_spp/d2018-1/CORALS_PART_1.dbf","< 200 m",TRUE
"133",133319,133319,"Acropora horrida",1,NA,"/home/shares/ohi/git-annex/globalprep/_raw_data/iucn_spp/d2018-1/CORALS_PART_1.dbf","< 200 m",TRUE
"134",133345,133345,"Montipora tuberculosa",1,NA,"/home/shares/ohi/git-annex/globalprep/_raw_data/iucn_spp/d2018-1/CORALS_PART_1.dbf","< 200 m",TRUE
"135",133298,133298,"Montipora turgescens",1,NA,"/home/shares/ohi/git-annex/globalprep/_raw_data/iucn_spp/d2018-1/CORALS_PART_1.dbf","< 200 m",TRUE
"136",133303,133303,"Acropora lutkeni",1,NA,"/home/shares/ohi/git-annex/globalprep/_raw_data/iucn_spp/d2018-1/CORALS_PART_1.dbf","< 200 m",TRUE
"137",133438,133438,"Montipora foveolata",1,NA,"/home/shares/ohi/git-annex/globalprep/_raw_data/iucn_spp/d2018-1/CORALS_PART_1.dbf","< 200 m",TRUE
"138",133525,133525,"Montipora monasteriata",1,NA,"/home/shares/ohi/git-annex/globalprep/_raw_data/iucn_spp/d2018-1/CORALS_PART_1.dbf","< 200 m",TRUE
"139",133563,133563,"Montipora peltiformis",1,NA,"/home/shares/ohi/git-annex/globalprep/_raw_data/iucn_spp/d2018-1/CORALS_PART_1.dbf","< 200 m",TRUE
"140",133622,133622,"Montipora capitata",1,NA,"/home/shares/ohi/git-annex/globalprep/_raw_data/iucn_spp/d2018-1/CORALS_PART_1.dbf","< 200 m",TRUE
"141",133652,133652,"Leptastrea transversa",1,NA,"/home/shares/ohi/git-annex/globalprep/_raw_data/iucn_spp/d2018-1/CORALS_PART_2.dbf","< 200 m",TRUE
"142",133654,133654,"Favites chinensis",1,NA,"/home/shares/ohi/git-annex/globalprep/_raw_data/iucn_spp/d2018-1/CORALS_PART_2.dbf","< 200 m",TRUE
"143",133569,133569,"Favia favus",1,NA,"/home/shares/ohi/git-annex/globalprep/_raw_data/iucn_spp/d2018-1/CORALS_PART_2.dbf","< 200 m",TRUE
"144",133593,133593,"Favia stelligera",1,NA,"/home/shares/ohi/git-annex/globalprep/_raw_data/iucn_spp/d2018-1/CORALS_PART_2.dbf","< 200 m",TRUE
"145",133258,133258,"Plerogyra sinuosa",1,NA,"/home/shares/ohi/git-annex/globalprep/_raw_data/iucn_spp/d2018-1/CORALS_PART_2.dbf","< 200 m",TRUE
"146",133440,133440,"Platygyra pini",1,NA,"/home/shares/ohi/git-annex/globalprep/_raw_data/iucn_spp/d2018-1/CORALS_PART_2.dbf","< 200 m",TRUE
"147",133510,133510,"Favia lizardensis",1,NA,"/home/shares/ohi/git-annex/globalprep/_raw_data/iucn_spp/d2018-1/CORALS_PART_2.dbf","< 200 m",TRUE
"148",132922,132922,"Montastrea curta",1,NA,"/home/shares/ohi/git-annex/globalprep/_raw_data/iucn_spp/d2018-1/CORALS_PART_2.dbf","< 200 m",TRUE
"149",133161,133161,"Platygyra contorta",1,NA,"/home/shares/ohi/git-annex/globalprep/_raw_data/iucn_spp/d2018-1/CORALS_PART_2.dbf","< 200 m",TRUE
"150",133414,133414,"Goniastrea pectinata",1,NA,"/home/shares/ohi/git-annex/globalprep/_raw_data/iucn_spp/d2018-1/CORALS_PART_2.dbf","< 200 m",TRUE
"151",133201,133201,"Fungia scutaria",1,NA,"/home/shares/ohi/git-annex/globalprep/_raw_data/iucn_spp/d2018-1/CORALS_PART_2.dbf","< 200 m",TRUE
"152",133209,133209,"Favites pentagona",1,NA,"/home/shares/ohi/git-annex/globalprep/_raw_data/iucn_spp/d2018-1/CORALS_PART_2.dbf","< 200 m",TRUE
"153",133278,133278,"Leptastrea pruinosa",1,NA,"/home/shares/ohi/git-annex/globalprep/_raw_data/iucn_spp/d2018-1/CORALS_PART_2.dbf","< 200 m",TRUE
"154",133055,133055,"Favites halicora",1,NA,"/home/shares/ohi/git-annex/globalprep/_raw_data/iucn_spp/d2018-1/CORALS_PART_2.dbf","< 200 m",TRUE
"155",133068,133068,"Platygyra sinensis",1,NA,"/home/shares/ohi/git-annex/globalprep/_raw_data/iucn_spp/d2018-1/CORALS_PART_2.dbf","< 200 m",TRUE
"156",133090,133090,"Leptastrea purpurea",1,NA,"/home/shares/ohi/git-annex/globalprep/_raw_data/iucn_spp/d2018-1/CORALS_PART_2.dbf","< 200 m",TRUE
"157",132979,132979,"Favites complanata",1,NA,"/home/shares/ohi/git-annex/globalprep/_raw_data/iucn_spp/d2018-1/CORALS_PART_2.dbf","< 200 m",TRUE
"158",132936,132936,"Favia pallida",1,NA,"/home/shares/ohi/git-annex/globalprep/_raw_data/iucn_spp/d2018-1/CORALS_PART_2.dbf","< 200 m",TRUE
"159",132997,132997,"Montastrea valenciennesi",1,NA,"/home/shares/ohi/git-annex/globalprep/_raw_data/iucn_spp/d2018-1/CORALS_PART_2.dbf","< 200 m",TRUE
"160",133003,133003,"Leptastrea bewickensis",1,NA,"/home/shares/ohi/git-annex/globalprep/_raw_data/iucn_spp/d2018-1/CORALS_PART_2.dbf","< 200 m",TRUE
"161",133290,133290,"Favites abdita",1,NA,"/home/shares/ohi/git-annex/globalprep/_raw_data/iucn_spp/d2018-1/CORALS_PART_2.dbf","< 200 m",TRUE
"162",133468,133468,"Platygyra daedalea",1,NA,"/home/shares/ohi/git-annex/globalprep/_raw_data/iucn_spp/d2018-1/CORALS_PART_2.dbf","< 200 m",TRUE
"163",133493,133493,"Platygyra ryukyuensis",1,NA,"/home/shares/ohi/git-annex/globalprep/_raw_data/iucn_spp/d2018-1/CORALS_PART_2.dbf","< 200 m",TRUE
"164",133616,133616,"Favia matthaii",1,NA,"/home/shares/ohi/git-annex/globalprep/_raw_data/iucn_spp/d2018-1/CORALS_PART_2.dbf","< 200 m",TRUE
"165",133571,133571,"Platygyra carnosus",1,NA,"/home/shares/ohi/git-annex/globalprep/_raw_data/iucn_spp/d2018-1/CORALS_PART_2.dbf","< 200 m",TRUE
"166",188366,188366,"Chromis caudalis",1,NA,"/home/shares/ohi/git-annex/globalprep/_raw_data/iucn_spp/d2018-1/DAMSELFISH.dbf","< 200 m",FALSE
"167",188609,188609,"Abudefduf vaigiensis",1,NA,"/home/shares/ohi/git-annex/globalprep/_raw_data/iucn_spp/d2018-1/DAMSELFISH.dbf","< 200 m",FALSE
"168",188453,188453,"Abudefduf septemfasciatus",1,NA,"/home/shares/ohi/git-annex/globalprep/_raw_data/iucn_spp/d2018-1/DAMSELFISH.dbf","< 200 m",FALSE
"169",188467,188467,"Abudefduf sordidus",1,NA,"/home/shares/ohi/git-annex/globalprep/_raw_data/iucn_spp/d2018-1/DAMSELFISH.dbf","< 200 m",FALSE
"170",18257780,18257780,"Fistularia commersonii",1,NA,"/home/shares/ohi/git-annex/globalprep/_raw_data/iucn_spp/d2018-1/gasterosteiformes.dbf","< 200 m",FALSE
"171",16781113,16781113,"Fistularia petimba",1,NA,"/home/shares/ohi/git-annex/globalprep/_raw_data/iucn_spp/d2018-1/gasterosteiformes.dbf","< 200 m",FALSE
"172",132732,132732,"Cephalopholis miniata",1,NA,"/home/shares/ohi/git-annex/globalprep/_raw_data/iucn_spp/d2018-1/GROUPERS.dbf","< 200 m",TRUE
"173",64412,64412,"Plectropomus laevis",1,NA,"/home/shares/ohi/git-annex/globalprep/_raw_data/iucn_spp/d2018-1/GROUPERS.dbf","< 200 m",TRUE
"174",132746,132746,"Epinephelus melanostigma",1,NA,"/home/shares/ohi/git-annex/globalprep/_raw_data/iucn_spp/d2018-1/GROUPERS.dbf","< 200 m",TRUE
"175",132747,132747,"Epinephelus spilotoceps",1,NA,"/home/shares/ohi/git-annex/globalprep/_raw_data/iucn_spp/d2018-1/GROUPERS.dbf","< 200 m",TRUE
"176",44673,44673,"Epinephelus fuscoguttatus",1,NA,"/home/shares/ohi/git-annex/globalprep/_raw_data/iucn_spp/d2018-1/GROUPERS.dbf","< 200 m",TRUE
"177",132758,132758,"Epinephelus tauvina",1,NA,"/home/shares/ohi/git-annex/globalprep/_raw_data/iucn_spp/d2018-1/GROUPERS.dbf","< 200 m",TRUE
"178",132731,132731,"Epinephelus socialis",1,NA,"/home/shares/ohi/git-annex/globalprep/_raw_data/iucn_spp/d2018-1/GROUPERS.dbf","< 200 m",TRUE
"179",61339,61339,"Epinephelus polyphekadion",1,NA,"/home/shares/ohi/git-annex/globalprep/_raw_data/iucn_spp/d2018-1/GROUPERS.dbf","200 m +",TRUE
"180",132737,132737,"Cephalopholis leopardus",1,NA,"/home/shares/ohi/git-annex/globalprep/_raw_data/iucn_spp/d2018-1/GROUPERS.dbf","< 200 m",TRUE
"181",132738,132738,"Variola louti",1,NA,"/home/shares/ohi/git-annex/globalprep/_raw_data/iucn_spp/d2018-1/GROUPERS.dbf","< 200 m",TRUE
"182",132741,132741,"Cephalopholis sexmaculata",1,NA,"/home/shares/ohi/git-annex/globalprep/_raw_data/iucn_spp/d2018-1/GROUPERS.dbf","< 200 m",TRUE
"183",132757,132757,"Cephalopholis sonnerati",1,NA,"/home/shares/ohi/git-annex/globalprep/_raw_data/iucn_spp/d2018-1/GROUPERS.dbf","< 200 m",TRUE
"184",132766,132766,"Epinephelus macrospilos",1,NA,"/home/shares/ohi/git-annex/globalprep/_raw_data/iucn_spp/d2018-1/GROUPERS.dbf","< 200 m",TRUE
"185",132794,132794,"Epinephelus retouti",1,NA,"/home/shares/ohi/git-annex/globalprep/_raw_data/iucn_spp/d2018-1/GROUPERS.dbf","200 m +",TRUE
"186",132800,132800,"Gracila albomarginata",1,NA,"/home/shares/ohi/git-annex/globalprep/_raw_data/iucn_spp/d2018-1/GROUPERS.dbf","< 200 m",TRUE
"187",132817,132817,"Epinephelus fasciatus",1,NA,"/home/shares/ohi/git-annex/globalprep/_raw_data/iucn_spp/d2018-1/GROUPERS.dbf","< 200 m",TRUE
"188",132829,132829,"Epinephelus howlandi",1,NA,"/home/shares/ohi/git-annex/globalprep/_raw_data/iucn_spp/d2018-1/GROUPERS.dbf","< 200 m",TRUE
"189",132778,132778,"Epinephelus hexagonatus",1,NA,"/home/shares/ohi/git-annex/globalprep/_raw_data/iucn_spp/d2018-1/GROUPERS.dbf","< 200 m",TRUE
"190",132781,132781,"Cephalopholis argus",1,NA,"/home/shares/ohi/git-annex/globalprep/_raw_data/iucn_spp/d2018-1/GROUPERS.dbf","< 200 m",TRUE
"191",132788,132788,"Epinephelus merra",1,NA,"/home/shares/ohi/git-annex/globalprep/_raw_data/iucn_spp/d2018-1/GROUPERS.dbf","< 200 m",TRUE
"192",132783,132783,"Cephalopholis urodeta",1,NA,"/home/shares/ohi/git-annex/globalprep/_raw_data/iucn_spp/d2018-1/GROUPERS.dbf","< 200 m",TRUE
"193",196018,196018,"Eptatretus carlhubbsi",1,NA,"/home/shares/ohi/git-annex/globalprep/_raw_data/iucn_spp/d2018-1/HAGFISH.dbf","deep oceanic",TRUE
"194",170063,170063,"Arctides regalis",1,NA,"/home/shares/ohi/git-annex/globalprep/_raw_data/iucn_spp/d2018-1/LOBSTERS.dbf","< 200 m",TRUE
"195",185023,185023,"Stereomastis surda",1,NA,"/home/shares/ohi/git-annex/globalprep/_raw_data/iucn_spp/d2018-1/LOBSTERS.dbf","unknown",TRUE
"196",8551,8551,"Feresa attenuata",1,NA,"/home/shares/ohi/git-annex/globalprep/_raw_data/iucn_spp/d2018-1/MARINE_MAMMALS.dbf","200 m +",TRUE
"197",23211,23211,"Ziphius cavirostris",1,NA,"/home/shares/ohi/git-annex/globalprep/_raw_data/iucn_spp/d2018-1/MARINE_MAMMALS.dbf","200 m +",TRUE
"198",20731,20731,"Stenella coeruleoalba",1,NA,"/home/shares/ohi/git-annex/globalprep/_raw_data/iucn_spp/d2018-1/MARINE_MAMMALS.dbf","200 m +",TRUE
"199",2477,2477,"Balaenoptera musculus",1,NA,"/home/shares/ohi/git-annex/globalprep/_raw_data/iucn_spp/d2018-1/MARINE_MAMMALS.dbf","200 m +",TRUE
"200",2476,2476,"Balaenoptera edeni",1,NA,"/home/shares/ohi/git-annex/globalprep/_raw_data/iucn_spp/d2018-1/MARINE_MAMMALS.dbf","200 m +",TRUE
"201",15421,15421,"Orcinus orca",1,NA,"/home/shares/ohi/git-annex/globalprep/_raw_data/iucn_spp/d2018-1/MARINE_MAMMALS.dbf","200 m +",TRUE
"202",13006,13006,"Megaptera novaeangliae",1,NA,"/home/shares/ohi/git-annex/globalprep/_raw_data/iucn_spp/d2018-1/MARINE_MAMMALS.dbf","200 m +",TRUE
"203",16564,16564,"Peponocephala electra",1,NA,"/home/shares/ohi/git-annex/globalprep/_raw_data/iucn_spp/d2018-1/MARINE_MAMMALS.dbf","200 m +",TRUE
"204",22563,22563,"Tursiops truncatus",1,NA,"/home/shares/ohi/git-annex/globalprep/_raw_data/iucn_spp/d2018-1/MARINE_MAMMALS.dbf","200 m +",TRUE
"205",41755,41755,"Physeter macrocephalus",1,NA,"/home/shares/ohi/git-annex/globalprep/_raw_data/iucn_spp/d2018-1/MARINE_MAMMALS.dbf","200 m +",TRUE
"206",13244,13244,"Mesoplodon densirostris",1,NA,"/home/shares/ohi/git-annex/globalprep/_raw_data/iucn_spp/d2018-1/MARINE_MAMMALS.dbf","200 m +",TRUE
"207",11140,11140,"Lagenodelphis hosei",1,NA,"/home/shares/ohi/git-annex/globalprep/_raw_data/iucn_spp/d2018-1/MARINE_MAMMALS.dbf","200 m +",TRUE
"208",11047,11047,"Kogia breviceps",1,NA,"/home/shares/ohi/git-annex/globalprep/_raw_data/iucn_spp/d2018-1/MARINE_MAMMALS.dbf","200 m +",TRUE
"209",11048,11048,"Kogia sima",1,NA,"/home/shares/ohi/git-annex/globalprep/_raw_data/iucn_spp/d2018-1/MARINE_MAMMALS.dbf","200 m +",TRUE
"210",2474,2474,"Balaenoptera acutorostrata",1,NA,"/home/shares/ohi/git-annex/globalprep/_raw_data/iucn_spp/d2018-1/MARINE_MAMMALS.dbf","200 m +",TRUE
"211",9461,9461,"Grampus griseus",1,NA,"/home/shares/ohi/git-annex/globalprep/_raw_data/iucn_spp/d2018-1/MARINE_MAMMALS.dbf","200 m +",TRUE
"212",20729,20729,"Stenella attenuata",1,NA,"/home/shares/ohi/git-annex/globalprep/_raw_data/iucn_spp/d2018-1/MARINE_MAMMALS.dbf","200 m +",TRUE
"213",20733,20733,"Stenella longirostris",1,NA,"/home/shares/ohi/git-annex/globalprep/_raw_data/iucn_spp/d2018-1/MARINE_MAMMALS.dbf","200 m +",TRUE
"214",9249,9249,"Globicephala macrorhynchus",1,NA,"/home/shares/ohi/git-annex/globalprep/_raw_data/iucn_spp/d2018-1/MARINE_MAMMALS.dbf","200 m +",TRUE
"215",18596,18596,"Pseudorca crassidens",1,NA,"/home/shares/ohi/git-annex/globalprep/_raw_data/iucn_spp/d2018-1/MARINE_MAMMALS.dbf","200 m +",TRUE
"216",2475,2475,"Balaenoptera borealis",1,NA,"/home/shares/ohi/git-annex/globalprep/_raw_data/iucn_spp/d2018-1/MARINE_MAMMALS.dbf","200 m +",TRUE
"217",20738,20738,"Steno bredanensis",1,NA,"/home/shares/ohi/git-annex/globalprep/_raw_data/iucn_spp/d2018-1/MARINE_MAMMALS.dbf","200 m +",TRUE
"218",40635,40635,"Indopacetus pacificus",1,NA,"/home/shares/ohi/git-annex/globalprep/_raw_data/iucn_spp/d2018-1/MARINE_MAMMALS.dbf","200 m +",TRUE
"219",13246,13246,"Mesoplodon ginkgodens",1,NA,"/home/shares/ohi/git-annex/globalprep/_raw_data/iucn_spp/d2018-1/MARINE_MAMMALS.dbf","200 m +",TRUE
"220",190193,190193,"Sphoeroides pachygaster",1,NA,"/home/shares/ohi/git-annex/globalprep/_raw_data/iucn_spp/d2018-1/PUFFERFISH.dbf","200 m +",TRUE
"221",166947,166947,"Lagocephalus sceleratus",1,NA,"/home/shares/ohi/git-annex/globalprep/_raw_data/iucn_spp/d2018-1/PUFFERFISH.dbf","200 m +",TRUE
"222",190464,190464,"Lagocephalus lagocephalus",1,NA,"/home/shares/ohi/git-annex/globalprep/_raw_data/iucn_spp/d2018-1/PUFFERFISH.dbf","200 m +",TRUE
"223",193656,193656,"Canthigaster bennetti",1,NA,"/home/shares/ohi/git-annex/globalprep/_raw_data/iucn_spp/d2018-1/PUFFERFISH.dbf","< 200 m",TRUE
"224",193662,193662,"Arothron meleagris",1,NA,"/home/shares/ohi/git-annex/globalprep/_raw_data/iucn_spp/d2018-1/PUFFERFISH.dbf","< 200 m",TRUE
"225",193675,193675,"Canthigaster amboinensis",1,NA,"/home/shares/ohi/git-annex/globalprep/_raw_data/iucn_spp/d2018-1/PUFFERFISH.dbf","< 200 m",TRUE
"226",193766,193766,"Canthigaster janthinoptera",1,NA,"/home/shares/ohi/git-annex/globalprep/_raw_data/iucn_spp/d2018-1/PUFFERFISH.dbf","< 200 m",TRUE
"227",193699,193699,"Arothron hispidus",1,NA,"/home/shares/ohi/git-annex/globalprep/_raw_data/iucn_spp/d2018-1/PUFFERFISH.dbf","< 200 m",TRUE
"228",193775,193775,"Canthigaster solandri",1,NA,"/home/shares/ohi/git-annex/globalprep/_raw_data/iucn_spp/d2018-1/PUFFERFISH.dbf","< 200 m",TRUE
"229",193804,193804,"Arothron nigropunctatus",1,NA,"/home/shares/ohi/git-annex/globalprep/_raw_data/iucn_spp/d2018-1/PUFFERFISH.dbf","< 200 m",TRUE
"230",176738,176738,"Hydrophis platurus",1,NA,"/home/shares/ohi/git-annex/globalprep/_raw_data/iucn_spp/d2018-1/REPTILES.dbf","200 m +",TRUE
"231",3897,3897,"Caretta caretta",1,NA,"/home/shares/ohi/git-annex/globalprep/_raw_data/iucn_spp/d2018-1/REPTILES.dbf","200 m +",TRUE
"232",8005,8005,"Eretmochelys imbricata",1,NA,"/home/shares/ohi/git-annex/globalprep/_raw_data/iucn_spp/d2018-1/REPTILES.dbf","200 m +",TRUE
"233",4615,4615,"Chelonia mydas",1,NA,"/home/shares/ohi/git-annex/globalprep/_raw_data/iucn_spp/d2018-1/REPTILES.dbf","200 m +",TRUE
"234",180443,180443,"Holothuria rigida",1,NA,"/home/shares/ohi/git-annex/globalprep/_raw_data/iucn_spp/d2018-1/SEACUCUMBERS.dbf","< 200 m",TRUE
"235",180437,180437,"Holothuria arenicola",1,NA,"/home/shares/ohi/git-annex/globalprep/_raw_data/iucn_spp/d2018-1/SEACUCUMBERS.dbf","< 200 m",TRUE
"236",180337,180337,"Actinopyga mauritiana",1,NA,"/home/shares/ohi/git-annex/globalprep/_raw_data/iucn_spp/d2018-1/SEACUCUMBERS.dbf","200 m +",TRUE
"237",180352,180352,"Bohadschia vitiensis",1,NA,"/home/shares/ohi/git-annex/globalprep/_raw_data/iucn_spp/d2018-1/SEACUCUMBERS.dbf","< 200 m",TRUE
"238",180525,180525,"Holothuria pervicax",1,NA,"/home/shares/ohi/git-annex/globalprep/_raw_data/iucn_spp/d2018-1/SEACUCUMBERS.dbf","< 200 m",TRUE
"239",180367,180367,"Stichopus monotuberculatus",1,NA,"/home/shares/ohi/git-annex/globalprep/_raw_data/iucn_spp/d2018-1/SEACUCUMBERS.dbf","< 200 m",TRUE
"240",180375,180375,"Holothuria leucospilota",1,NA,"/home/shares/ohi/git-annex/globalprep/_raw_data/iucn_spp/d2018-1/SEACUCUMBERS.dbf","< 200 m",TRUE
"241",180440,180440,"Holothuria whitmaei",1,NA,"/home/shares/ohi/git-annex/globalprep/_raw_data/iucn_spp/d2018-1/SEACUCUMBERS.dbf","< 200 m",TRUE
"242",180235,180235,"Holothuria hilla",1,NA,"/home/shares/ohi/git-annex/globalprep/_raw_data/iucn_spp/d2018-1/SEACUCUMBERS.dbf","< 200 m",TRUE
"243",180236,180236,"Holothuria olivacea",1,NA,"/home/shares/ohi/git-annex/globalprep/_raw_data/iucn_spp/d2018-1/SEACUCUMBERS.dbf","unknown",TRUE
"244",180246,180246,"Holothuria difficilis",1,NA,"/home/shares/ohi/git-annex/globalprep/_raw_data/iucn_spp/d2018-1/SEACUCUMBERS.dbf","< 200 m",TRUE
"245",180226,180226,"Holothuria erinaceaus",1,NA,"/home/shares/ohi/git-annex/globalprep/_raw_data/iucn_spp/d2018-1/SEACUCUMBERS.dbf","unknown",TRUE
"246",180231,180231,"Holothuria verrucosa",1,NA,"/home/shares/ohi/git-annex/globalprep/_raw_data/iucn_spp/d2018-1/SEACUCUMBERS.dbf","< 200 m",TRUE
"247",180248,180248,"Pearsonothuria graeffei",1,NA,"/home/shares/ohi/git-annex/globalprep/_raw_data/iucn_spp/d2018-1/SEACUCUMBERS.dbf","< 200 m",TRUE
"248",180286,180286,"Holothuria pardalis",1,NA,"/home/shares/ohi/git-annex/globalprep/_raw_data/iucn_spp/d2018-1/SEACUCUMBERS.dbf","< 200 m",TRUE
"249",180421,180421,"Holothuria atra",1,NA,"/home/shares/ohi/git-annex/globalprep/_raw_data/iucn_spp/d2018-1/SEACUCUMBERS.dbf","< 200 m",TRUE
"250",180446,180446,"Holothuria stocki",1,NA,"/home/shares/ohi/git-annex/globalprep/_raw_data/iucn_spp/d2018-1/SEACUCUMBERS.dbf","unknown",TRUE
"251",180483,180483,"Holothuria flavomaculata",1,NA,"/home/shares/ohi/git-annex/globalprep/_raw_data/iucn_spp/d2018-1/SEACUCUMBERS.dbf","< 200 m",TRUE
"252",180488,180488,"Stichopus horrens",1,NA,"/home/shares/ohi/git-annex/globalprep/_raw_data/iucn_spp/d2018-1/SEACUCUMBERS.dbf","< 200 m",TRUE
"253",180494,180494,"Holothuria fuscocinerea",1,NA,"/home/shares/ohi/git-annex/globalprep/_raw_data/iucn_spp/d2018-1/SEACUCUMBERS.dbf","< 200 m",TRUE
"254",180500,180500,"Holothuria discrepans",1,NA,"/home/shares/ohi/git-annex/globalprep/_raw_data/iucn_spp/d2018-1/SEACUCUMBERS.dbf","< 200 m",TRUE
"255",180512,180512,"Holothuria impatiens",1,NA,"/home/shares/ohi/git-annex/globalprep/_raw_data/iucn_spp/d2018-1/SEACUCUMBERS.dbf","< 200 m",TRUE
"256",180479,180479,"Labidodemas semperianum",1,NA,"/home/shares/ohi/git-annex/globalprep/_raw_data/iucn_spp/d2018-1/SEACUCUMBERS.dbf","< 200 m",TRUE
"257",180534,180534,"Holothuria inhabilis",1,NA,"/home/shares/ohi/git-annex/globalprep/_raw_data/iucn_spp/d2018-1/SEACUCUMBERS.dbf","< 200 m",TRUE
"258",200715,200715,"Holothuria fuscogilva",1,NA,"/home/shares/ohi/git-annex/globalprep/_raw_data/iucn_spp/d2018-1/SEACUCUMBERS.dbf","< 200 m",TRUE
"259",155120,155120,"Naso vlamingii",1,NA,"/home/shares/ohi/git-annex/globalprep/_raw_data/iucn_spp/d2018-1/SURGEONFISH_TANGS_UNICORNFISH.dbf","< 200 m",TRUE
"260",177969,177969,"Acanthurus nigricans",1,NA,"/home/shares/ohi/git-annex/globalprep/_raw_data/iucn_spp/d2018-1/SURGEONFISH_TANGS_UNICORNFISH.dbf","< 200 m",TRUE
"261",178014,178014,"Ctenochaetus hawaiiensis",1,NA,"/home/shares/ohi/git-annex/globalprep/_raw_data/iucn_spp/d2018-1/SURGEONFISH_TANGS_UNICORNFISH.dbf","< 200 m",TRUE
"262",177970,177970,"Naso unicornis",1,NA,"/home/shares/ohi/git-annex/globalprep/_raw_data/iucn_spp/d2018-1/SURGEONFISH_TANGS_UNICORNFISH.dbf","< 200 m",TRUE
"263",177971,177971,"Acanthurus blochii",1,NA,"/home/shares/ohi/git-annex/globalprep/_raw_data/iucn_spp/d2018-1/SURGEONFISH_TANGS_UNICORNFISH.dbf","< 200 m",TRUE
"264",177972,177972,"Paracanthurus hepatus",1,NA,"/home/shares/ohi/git-annex/globalprep/_raw_data/iucn_spp/d2018-1/SURGEONFISH_TANGS_UNICORNFISH.dbf","< 200 m",TRUE
"265",177981,177981,"Acanthurus dussumieri",1,NA,"/home/shares/ohi/git-annex/globalprep/_raw_data/iucn_spp/d2018-1/SURGEONFISH_TANGS_UNICORNFISH.dbf","< 200 m",TRUE
"266",178019,178019,"Acanthurus nigrofuscus",1,NA,"/home/shares/ohi/git-annex/globalprep/_raw_data/iucn_spp/d2018-1/SURGEONFISH_TANGS_UNICORNFISH.dbf","< 200 m",TRUE
"267",177960,177960,"Acanthurus achilles",1,NA,"/home/shares/ohi/git-annex/globalprep/_raw_data/iucn_spp/d2018-1/SURGEONFISH_TANGS_UNICORNFISH.dbf","< 200 m",TRUE
"268",177964,177964,"Ctenochaetus marginatus",1,NA,"/home/shares/ohi/git-annex/globalprep/_raw_data/iucn_spp/d2018-1/SURGEONFISH_TANGS_UNICORNFISH.dbf","< 200 m",TRUE
"269",177965,177965,"Acanthurus triostegus",1,NA,"/home/shares/ohi/git-annex/globalprep/_raw_data/iucn_spp/d2018-1/SURGEONFISH_TANGS_UNICORNFISH.dbf","< 200 m",TRUE
"270",177989,177989,"Acanthurus xanthopterus",1,NA,"/home/shares/ohi/git-annex/globalprep/_raw_data/iucn_spp/d2018-1/SURGEONFISH_TANGS_UNICORNFISH.dbf","< 200 m",TRUE
"271",178017,178017,"Acanthurus nigricauda",1,NA,"/home/shares/ohi/git-annex/globalprep/_raw_data/iucn_spp/d2018-1/SURGEONFISH_TANGS_UNICORNFISH.dbf","< 200 m",TRUE
"272",178018,178018,"Ctenochaetus flavicauda",1,NA,"/home/shares/ohi/git-annex/globalprep/_raw_data/iucn_spp/d2018-1/SURGEONFISH_TANGS_UNICORNFISH.dbf","< 200 m",TRUE
"273",178022,178022,"Acanthurus pyroferus",1,NA,"/home/shares/ohi/git-annex/globalprep/_raw_data/iucn_spp/d2018-1/SURGEONFISH_TANGS_UNICORNFISH.dbf","< 200 m",TRUE
"274",177967,177967,"Acanthurus mata",1,NA,"/home/shares/ohi/git-annex/globalprep/_raw_data/iucn_spp/d2018-1/SURGEONFISH_TANGS_UNICORNFISH.dbf","< 200 m",TRUE
"275",177950,177950,"Naso lituratus",1,NA,"/home/shares/ohi/git-annex/globalprep/_raw_data/iucn_spp/d2018-1/SURGEONFISH_TANGS_UNICORNFISH.dbf","< 200 m",TRUE
"276",177957,177957,"Acanthurus maculiceps",1,NA,"/home/shares/ohi/git-annex/globalprep/_raw_data/iucn_spp/d2018-1/SURGEONFISH_TANGS_UNICORNFISH.dbf","< 200 m",TRUE
"277",177958,177958,"Ctenochaetus cyanocheilus",1,NA,"/home/shares/ohi/git-annex/globalprep/_raw_data/iucn_spp/d2018-1/SURGEONFISH_TANGS_UNICORNFISH.dbf","< 200 m",TRUE
"278",177990,177990,"Naso brevirostris",1,NA,"/home/shares/ohi/git-annex/globalprep/_raw_data/iucn_spp/d2018-1/SURGEONFISH_TANGS_UNICORNFISH.dbf","< 200 m",TRUE
"279",177991,177991,"Acanthurus olivaceus",1,NA,"/home/shares/ohi/git-annex/globalprep/_raw_data/iucn_spp/d2018-1/SURGEONFISH_TANGS_UNICORNFISH.dbf","< 200 m",TRUE
"280",177993,177993,"Acanthurus lineatus",1,NA,"/home/shares/ohi/git-annex/globalprep/_raw_data/iucn_spp/d2018-1/SURGEONFISH_TANGS_UNICORNFISH.dbf","< 200 m",TRUE
"281",177994,177994,"Acanthurus leucocheilus",1,NA,"/home/shares/ohi/git-annex/globalprep/_raw_data/iucn_spp/d2018-1/SURGEONFISH_TANGS_UNICORNFISH.dbf","< 200 m",TRUE
"282",177995,177995,"Acanthurus guttatus",1,NA,"/home/shares/ohi/git-annex/globalprep/_raw_data/iucn_spp/d2018-1/SURGEONFISH_TANGS_UNICORNFISH.dbf","< 200 m",TRUE
"283",178001,178001,"Zebrasoma rostratum",1,NA,"/home/shares/ohi/git-annex/globalprep/_raw_data/iucn_spp/d2018-1/SURGEONFISH_TANGS_UNICORNFISH.dbf","< 200 m",TRUE
"284",178002,178002,"Naso hexacanthus",1,NA,"/home/shares/ohi/git-annex/globalprep/_raw_data/iucn_spp/d2018-1/SURGEONFISH_TANGS_UNICORNFISH.dbf","< 200 m",TRUE
"285",178005,178005,"Zebrasoma scopas",1,NA,"/home/shares/ohi/git-annex/globalprep/_raw_data/iucn_spp/d2018-1/SURGEONFISH_TANGS_UNICORNFISH.dbf","< 200 m",TRUE
"286",178008,178008,"Acanthurus thompsoni",1,NA,"/home/shares/ohi/git-annex/globalprep/_raw_data/iucn_spp/d2018-1/SURGEONFISH_TANGS_UNICORNFISH.dbf","< 200 m",TRUE
"287",178010,178010,"Zebrasoma veliferum",1,NA,"/home/shares/ohi/git-annex/globalprep/_raw_data/iucn_spp/d2018-1/SURGEONFISH_TANGS_UNICORNFISH.dbf","< 200 m",TRUE
"288",178012,178012,"Ctenochaetus striatus",1,NA,"/home/shares/ohi/git-annex/globalprep/_raw_data/iucn_spp/d2018-1/SURGEONFISH_TANGS_UNICORNFISH.dbf","< 200 m",TRUE
"289",21856,21856,"Thunnus alalunga",1,NA,"/home/shares/ohi/git-annex/globalprep/_raw_data/iucn_spp/d2018-1/TUNAS_BILLFISHES.dbf","200 m +",TRUE
"290",21857,21857,"Thunnus albacares",1,NA,"/home/shares/ohi/git-annex/globalprep/_raw_data/iucn_spp/d2018-1/TUNAS_BILLFISHES.dbf","200 m +",TRUE
"291",21859,21859,"Thunnus obesus",1,NA,"/home/shares/ohi/git-annex/globalprep/_raw_data/iucn_spp/d2018-1/TUNAS_BILLFISHES.dbf","200 m +",TRUE
"292",170314,170314,"Makaira nigricans",1,NA,"/home/shares/ohi/git-annex/globalprep/_raw_data/iucn_spp/d2018-1/TUNAS_BILLFISHES.dbf","200 m +",TRUE
"293",170315,170315,"Tetrapturus angustirostris",1,NA,"/home/shares/ohi/git-annex/globalprep/_raw_data/iucn_spp/d2018-1/TUNAS_BILLFISHES.dbf","200 m +",TRUE
"294",23148,23148,"Xiphias gladius",1,NA,"/home/shares/ohi/git-annex/globalprep/_raw_data/iucn_spp/d2018-1/TUNAS_BILLFISHES.dbf","200 m +",TRUE
"295",170331,170331,"Acanthocybium solandri",1,NA,"/home/shares/ohi/git-annex/globalprep/_raw_data/iucn_spp/d2018-1/TUNAS_BILLFISHES.dbf","200 m +",TRUE
"296",170338,170338,"Istiophorus platypterus",1,NA,"/home/shares/ohi/git-annex/globalprep/_raw_data/iucn_spp/d2018-1/TUNAS_BILLFISHES.dbf","200 m +",TRUE
"297",170309,170309,"Kajikia audax",1,NA,"/home/shares/ohi/git-annex/globalprep/_raw_data/iucn_spp/d2018-1/TUNAS_BILLFISHES.dbf","200 m +",TRUE
"298",170310,170310,"Katsuwonus pelamis",1,NA,"/home/shares/ohi/git-annex/globalprep/_raw_data/iucn_spp/d2018-1/TUNAS_BILLFISHES.dbf","200 m +",TRUE
"299",170312,170312,"Istiompax indica",1,NA,"/home/shares/ohi/git-annex/globalprep/_raw_data/iucn_spp/d2018-1/TUNAS_BILLFISHES.dbf","200 m +",TRUE
"300",154623,154623,"Cheilinus trilobatus",1,NA,"/home/shares/ohi/git-annex/globalprep/_raw_data/iucn_spp/d2018-1/WRASSE.dbf","< 200 m",TRUE
"301",155314,155314,"Pseudocheilinus ocellatus",1,NA,"/home/shares/ohi/git-annex/globalprep/_raw_data/iucn_spp/d2018-1/WRASSE.dbf","< 200 m",TRUE
"302",63571,63571,"Bolbometopon muricatum",1,NA,"/home/shares/ohi/git-annex/globalprep/_raw_data/iucn_spp/d2018-1/WRASSE.dbf","unknown",TRUE
"303",154960,154960,"Scarus oviceps",1,NA,"/home/shares/ohi/git-annex/globalprep/_raw_data/iucn_spp/d2018-1/WRASSE.dbf","< 200 m",TRUE
"304",187685,187685,"Thalassoma lutescens",1,NA,"/home/shares/ohi/git-annex/globalprep/_raw_data/iucn_spp/d2018-1/WRASSE.dbf","< 200 m",TRUE
"305",187688,187688,"Pseudocoris heteroptera",1,NA,"/home/shares/ohi/git-annex/globalprep/_raw_data/iucn_spp/d2018-1/WRASSE.dbf","< 200 m",TRUE
"306",187733,187733,"Thalassoma quinquevittatum",1,NA,"/home/shares/ohi/git-annex/globalprep/_raw_data/iucn_spp/d2018-1/WRASSE.dbf","< 200 m",TRUE
"307",190688,190688,"Calotomus carolinus",1,NA,"/home/shares/ohi/git-annex/globalprep/_raw_data/iucn_spp/d2018-1/WRASSE.dbf","< 200 m",TRUE
"308",190749,190749,"Scarus pyrrostethus",1,NA,"/home/shares/ohi/git-annex/globalprep/_raw_data/iucn_spp/d2018-1/WRASSE.dbf","< 200 m",TRUE
"309",190727,190727,"Chlorurus spilurus",1,NA,"/home/shares/ohi/git-annex/globalprep/_raw_data/iucn_spp/d2018-1/WRASSE.dbf","< 200 m",TRUE
"310",190728,190728,"Chlorurus microrhinos",1,NA,"/home/shares/ohi/git-annex/globalprep/_raw_data/iucn_spp/d2018-1/WRASSE.dbf","< 200 m",TRUE
"311",190731,190731,"Scarus rubroviolaceus",1,NA,"/home/shares/ohi/git-annex/globalprep/_raw_data/iucn_spp/d2018-1/WRASSE.dbf","< 200 m",TRUE
"312",190736,190736,"Scarus psittacus",1,NA,"/home/shares/ohi/git-annex/globalprep/_raw_data/iucn_spp/d2018-1/WRASSE.dbf","< 200 m",TRUE
"313",190745,190745,"Hipposcarus longiceps",1,NA,"/home/shares/ohi/git-annex/globalprep/_raw_data/iucn_spp/d2018-1/WRASSE.dbf","< 200 m",TRUE
"314",187497,187497,"Labropsis xanthonota",1,NA,"/home/shares/ohi/git-annex/globalprep/_raw_data/iucn_spp/d2018-1/WRASSE.dbf","unknown",TRUE
"315",187692,187692,"Macropharyngodon meleagris",1,NA,"/home/shares/ohi/git-annex/globalprep/_raw_data/iucn_spp/d2018-1/WRASSE.dbf","< 200 m",TRUE
"316",187699,187699,"Halichoeres claudia",1,NA,"/home/shares/ohi/git-annex/globalprep/_raw_data/iucn_spp/d2018-1/WRASSE.dbf","< 200 m",TRUE
"317",187744,187744,"Bodianus loxozonus",1,NA,"/home/shares/ohi/git-annex/globalprep/_raw_data/iucn_spp/d2018-1/WRASSE.dbf","< 200 m",TRUE
"318",190740,190740,"Scarus niger",1,NA,"/home/shares/ohi/git-annex/globalprep/_raw_data/iucn_spp/d2018-1/WRASSE.dbf","< 200 m",TRUE
"319",187575,187575,"Labroides pectoralis",1,NA,"/home/shares/ohi/git-annex/globalprep/_raw_data/iucn_spp/d2018-1/WRASSE.dbf","< 200 m",TRUE
"320",187424,187424,"Stethojulis bandanensis",1,NA,"/home/shares/ohi/git-annex/globalprep/_raw_data/iucn_spp/d2018-1/WRASSE.dbf","< 200 m",TRUE
"321",190694,190694,"Scarus globiceps",1,NA,"/home/shares/ohi/git-annex/globalprep/_raw_data/iucn_spp/d2018-1/WRASSE.dbf","< 200 m",TRUE
"322",190713,190713,"Scarus spinus",1,NA,"/home/shares/ohi/git-annex/globalprep/_raw_data/iucn_spp/d2018-1/WRASSE.dbf","< 200 m",TRUE
"323",187474,187474,"Halichoeres trimaculatus",1,NA,"/home/shares/ohi/git-annex/globalprep/_raw_data/iucn_spp/d2018-1/WRASSE.dbf","< 200 m",TRUE
"324",187477,187477,"Pseudocheilinus hexataenia",1,NA,"/home/shares/ohi/git-annex/globalprep/_raw_data/iucn_spp/d2018-1/WRASSE.dbf","< 200 m",TRUE
"325",187490,187490,"Thalassoma amblycephalum",1,NA,"/home/shares/ohi/git-annex/globalprep/_raw_data/iucn_spp/d2018-1/WRASSE.dbf","< 200 m",TRUE
"326",190755,190755,"Scarus frenatus",1,NA,"/home/shares/ohi/git-annex/globalprep/_raw_data/iucn_spp/d2018-1/WRASSE.dbf","< 200 m",TRUE
"327",190762,190762,"Chlorurus frontalis",1,NA,"/home/shares/ohi/git-annex/globalprep/_raw_data/iucn_spp/d2018-1/WRASSE.dbf","< 200 m",TRUE
"328",187658,187658,"Pseudocheilinus evanidus",1,NA,"/home/shares/ohi/git-annex/globalprep/_raw_data/iucn_spp/d2018-1/WRASSE.dbf","< 200 m",TRUE
"329",187649,187649,"Cheilinus oxycephalus",1,NA,"/home/shares/ohi/git-annex/globalprep/_raw_data/iucn_spp/d2018-1/WRASSE.dbf","< 200 m",TRUE
"330",187722,187722,"Epibulus insidiator",1,NA,"/home/shares/ohi/git-annex/globalprep/_raw_data/iucn_spp/d2018-1/WRASSE.dbf","< 200 m",TRUE
"331",187723,187723,"Anampses meleagrides",1,NA,"/home/shares/ohi/git-annex/globalprep/_raw_data/iucn_spp/d2018-1/WRASSE.dbf","< 200 m",TRUE
"332",187527,187527,"Hologymnosus doliatus",1,NA,"/home/shares/ohi/git-annex/globalprep/_raw_data/iucn_spp/d2018-1/WRASSE.dbf","< 200 m",TRUE
"333",187536,187536,"Gomphosus varius",1,NA,"/home/shares/ohi/git-annex/globalprep/_raw_data/iucn_spp/d2018-1/WRASSE.dbf","< 200 m",TRUE
"334",187396,187396,"Labroides dimidiatus",1,NA,"/home/shares/ohi/git-annex/globalprep/_raw_data/iucn_spp/d2018-1/WRASSE.dbf","< 200 m",TRUE
"335",187441,187441,"Novaculichthys taeniourus",1,NA,"/home/shares/ohi/git-annex/globalprep/_raw_data/iucn_spp/d2018-1/WRASSE.dbf","< 200 m",TRUE
"336",187443,187443,"Halichoeres margaritaceus",1,NA,"/home/shares/ohi/git-annex/globalprep/_raw_data/iucn_spp/d2018-1/WRASSE.dbf","< 200 m",TRUE
"337",187461,187461,"Cirrhilabrus exquisitus",1,NA,"/home/shares/ohi/git-annex/globalprep/_raw_data/iucn_spp/d2018-1/WRASSE.dbf","< 200 m",TRUE
"338",187373,187373,"Hemigymnus fasciatus",1,NA,"/home/shares/ohi/git-annex/globalprep/_raw_data/iucn_spp/d2018-1/WRASSE.dbf","< 200 m",TRUE
"339",187381,187381,"Thalassoma lunare",1,NA,"/home/shares/ohi/git-annex/globalprep/_raw_data/iucn_spp/d2018-1/WRASSE.dbf","< 200 m",TRUE
"340",187436,187436,"Coris gaimard",1,NA,"/home/shares/ohi/git-annex/globalprep/_raw_data/iucn_spp/d2018-1/WRASSE.dbf","unknown",TRUE
"341",187516,187516,"Bodianus axillaris",1,NA,"/home/shares/ohi/git-annex/globalprep/_raw_data/iucn_spp/d2018-1/WRASSE.dbf","unknown",TRUE
"342",187559,187559,"Thalassoma hardwicke",1,NA,"/home/shares/ohi/git-annex/globalprep/_raw_data/iucn_spp/d2018-1/WRASSE.dbf","< 200 m",TRUE
"343",187564,187564,"Halichoeres melasmapomus",1,NA,"/home/shares/ohi/git-annex/globalprep/_raw_data/iucn_spp/d2018-1/WRASSE.dbf","< 200 m",TRUE
"344",187571,187571,"Bodianus prognathus",1,NA,"/home/shares/ohi/git-annex/globalprep/_raw_data/iucn_spp/d2018-1/WRASSE.dbf","unknown",TRUE
"345",187621,187621,"Pseudocheilinus octotaenia",1,NA,"/home/shares/ohi/git-annex/globalprep/_raw_data/iucn_spp/d2018-1/WRASSE.dbf","< 200 m",TRUE
"346",187626,187626,"Pseudojuloides cerasinus",1,NA,"/home/shares/ohi/git-annex/globalprep/_raw_data/iucn_spp/d2018-1/WRASSE.dbf","< 200 m",TRUE
"347",187631,187631,"Labrichthys unilineatus",1,NA,"/home/shares/ohi/git-annex/globalprep/_raw_data/iucn_spp/d2018-1/WRASSE.dbf","< 200 m",TRUE
"348",187673,187673,"Halichoeres hortulanus",1,NA,"/home/shares/ohi/git-annex/globalprep/_raw_data/iucn_spp/d2018-1/WRASSE.dbf","unknown",TRUE
"349",187674,187674,"Oxycheilinus unifasciatus",1,NA,"/home/shares/ohi/git-annex/globalprep/_raw_data/iucn_spp/d2018-1/WRASSE.dbf","unknown",TRUE
"350",187681,187681,"Cymolutes praetextatus",1,NA,"/home/shares/ohi/git-annex/globalprep/_raw_data/iucn_spp/d2018-1/WRASSE.dbf","< 200 m",TRUE
"351",187705,187705,"Iniistius pavo",1,NA,"/home/shares/ohi/git-annex/globalprep/_raw_data/iucn_spp/d2018-1/WRASSE.dbf","< 200 m",TRUE
"352",187707,187707,"Thalassoma trilobatum",1,NA,"/home/shares/ohi/git-annex/globalprep/_raw_data/iucn_spp/d2018-1/WRASSE.dbf","< 200 m",TRUE
"353",187713,187713,"Pseudodax moluccanus",1,NA,"/home/shares/ohi/git-annex/globalprep/_raw_data/iucn_spp/d2018-1/WRASSE.dbf","< 200 m",TRUE
"354",187715,187715,"Bodianus anthioides",1,NA,"/home/shares/ohi/git-annex/globalprep/_raw_data/iucn_spp/d2018-1/WRASSE.dbf","< 200 m",TRUE
"355",187716,187716,"Anampses caeruleopunctatus",1,NA,"/home/shares/ohi/git-annex/globalprep/_raw_data/iucn_spp/d2018-1/WRASSE.dbf","< 200 m",TRUE
"356",187746,187746,"Thalassoma purpureum",1,NA,"/home/shares/ohi/git-annex/globalprep/_raw_data/iucn_spp/d2018-1/WRASSE.dbf","< 200 m",TRUE
"357",187755,187755,"Labroides rubrolabiatus",1,NA,"/home/shares/ohi/git-annex/globalprep/_raw_data/iucn_spp/d2018-1/WRASSE.dbf","unknown",TRUE
"358",187767,187767,"Labroides bicolor",1,NA,"/home/shares/ohi/git-annex/globalprep/_raw_data/iucn_spp/d2018-1/WRASSE.dbf","unknown",TRUE
"359",187792,187792,"Coris centralis",1,NA,"/home/shares/ohi/git-annex/globalprep/_raw_data/iucn_spp/d2018-1/WRASSE.dbf","< 200 m",TRUE
"360",187784,187784,"Anampses twistii",1,NA,"/home/shares/ohi/git-annex/globalprep/_raw_data/iucn_spp/d2018-1/WRASSE.dbf","< 200 m",TRUE
"361",187786,187786,"Halichoeres pallidus",1,NA,"/home/shares/ohi/git-annex/globalprep/_raw_data/iucn_spp/d2018-1/WRASSE.dbf","unknown",TRUE
"362",187802,187802,"Coris aygula",1,NA,"/home/shares/ohi/git-annex/globalprep/_raw_data/iucn_spp/d2018-1/WRASSE.dbf","< 200 m",TRUE
"363",190704,190704,"Scarus tricolor",1,NA,"/home/shares/ohi/git-annex/globalprep/_raw_data/iucn_spp/d2018-1/WRASSE.dbf","< 200 m",TRUE
"364",22694821,22694821,"Gygis alba",1,NA,"/home/shares/ohi/git-annex/globalprep/_raw_data/birdlife_intl/d2018/bli_marine_v2017.dbf","< 200 m",TRUE
"365",22735803,22735803,"Hydrobates castro",1,NA,"/home/shares/ohi/git-annex/globalprep/_raw_data/birdlife_intl/d2018/bli_marine_v2017.dbf","200 m +",TRUE
"366",22698511,22698511,"Hydrobates leucorhous",1,NA,"/home/shares/ohi/git-annex/globalprep/_raw_data/birdlife_intl/d2018/bli_marine_v2017.dbf","200 m +",TRUE
"367",22698436,22698436,"Oceanites oceanicus",1,NA,"/home/shares/ohi/git-annex/globalprep/_raw_data/birdlife_intl/d2018/bli_marine_v2017.dbf","200 m +",TRUE
"368",22698471,22698471,"Nesofregetta fuliginosa",1,NA,"/home/shares/ohi/git-annex/globalprep/_raw_data/birdlife_intl/d2018/bli_marine_v2017.dbf","200 m +",TRUE
"369",22698436,22698436,"Oceanites oceanicus",3,NA,"/home/shares/ohi/git-annex/globalprep/_raw_data/birdlife_intl/d2018/bli_marine_v2017.dbf","200 m +",TRUE
"370",22694722,22694722,"Onychoprion lunatus",1,NA,"/home/shares/ohi/git-annex/globalprep/_raw_data/birdlife_intl/d2018/bli_marine_v2017.dbf","< 200 m",TRUE
"371",22698027,22698027,"Pterodroma neglecta",1,NA,"/home/shares/ohi/git-annex/globalprep/_raw_data/birdlife_intl/d2018/bli_marine_v2017.dbf","200 m +",TRUE
"372",22698001,22698001,"Pterodroma alba",1,NA,"/home/shares/ohi/git-annex/globalprep/_raw_data/birdlife_intl/d2018/bli_marine_v2017.dbf","200 m +",TRUE
"373",22697957,22697957,"Pterodroma cervicalis",1,NA,"/home/shares/ohi/git-annex/globalprep/_raw_data/birdlife_intl/d2018/bli_marine_v2017.dbf","200 m +",TRUE
"374",22698012,22698012,"Pterodroma heraldica",1,NA,"/home/shares/ohi/git-annex/globalprep/_raw_data/birdlife_intl/d2018/bli_marine_v2017.dbf","200 m +",TRUE
"375",22698027,22698027,"Pterodroma neglecta",3,NA,"/home/shares/ohi/git-annex/globalprep/_raw_data/birdlife_intl/d2018/bli_marine_v2017.dbf","200 m +",TRUE
"376",22697997,22697997,"Pterodroma longirostris",1,NA,"/home/shares/ohi/git-annex/globalprep/_raw_data/birdlife_intl/d2018/bli_marine_v2017.dbf","200 m +",TRUE
"377",22734070,22734070,"Puffinus bailloni",1,NA,"/home/shares/ohi/git-annex/globalprep/_raw_data/birdlife_intl/d2018/bli_marine_v2017.dbf","200 m +",TRUE
"378",22698222,22698222,"Puffinus nativitatis",1,NA,"/home/shares/ohi/git-annex/globalprep/_raw_data/birdlife_intl/d2018/bli_marine_v2017.dbf","200 m +",TRUE
"379",22698240,22698240,"Puffinus newelli",1,NA,"/home/shares/ohi/git-annex/globalprep/_raw_data/birdlife_intl/d2018/bli_marine_v2017.dbf","200 m +",TRUE
"380",22697975,22697975,"Pterodroma cookii",1,NA,"/home/shares/ohi/git-annex/globalprep/_raw_data/birdlife_intl/d2018/bli_marine_v2017.dbf","200 m +",TRUE
"381",22697963,22697963,"Pterodroma inexpectata",1,NA,"/home/shares/ohi/git-annex/globalprep/_raw_data/birdlife_intl/d2018/bli_marine_v2017.dbf","200 m +",TRUE
"382",22697954,22697954,"Pterodroma nigripennis",3,NA,"/home/shares/ohi/git-annex/globalprep/_raw_data/birdlife_intl/d2018/bli_marine_v2017.dbf","200 m +",TRUE
"383",22697970,22697970,"Pterodroma leucoptera",1,NA,"/home/shares/ohi/git-annex/globalprep/_raw_data/birdlife_intl/d2018/bli_marine_v2017.dbf","200 m +",TRUE
"384",22697954,22697954,"Pterodroma nigripennis",1,NA,"/home/shares/ohi/git-annex/globalprep/_raw_data/birdlife_intl/d2018/bli_marine_v2017.dbf","200 m +",TRUE
"385",22697984,22697984,"Pterodroma pycrofti",1,NA,"/home/shares/ohi/git-annex/globalprep/_raw_data/birdlife_intl/d2018/bli_marine_v2017.dbf","200 m +",TRUE
"386",22698017,22698017,"Pterodroma sandwichensis",1,NA,"/home/shares/ohi/git-annex/globalprep/_raw_data/birdlife_intl/d2018/bli_marine_v2017.dbf","200 m +",TRUE
"387",22698042,22698042,"Pterodroma solandri",1,NA,"/home/shares/ohi/git-annex/globalprep/_raw_data/birdlife_intl/d2018/bli_marine_v2017.dbf","200 m +",TRUE
"388",22698039,22698039,"Pterodroma ultima",1,NA,"/home/shares/ohi/git-annex/globalprep/_raw_data/birdlife_intl/d2018/bli_marine_v2017.dbf","200 m +",TRUE
"389",22736173,22736173,"Sula dactylatra",1,NA,"/home/shares/ohi/git-annex/globalprep/_raw_data/birdlife_intl/d2018/bli_marine_v2017.dbf","200 m +",TRUE
"390",22736173,22736173,"Sula dactylatra",3,NA,"/home/shares/ohi/git-annex/globalprep/_raw_data/birdlife_intl/d2018/bli_marine_v2017.dbf","200 m +",TRUE
"391",22736173,22736173,"Sula dactylatra",4,NA,"/home/shares/ohi/git-annex/globalprep/_raw_data/birdlife_intl/d2018/bli_marine_v2017.dbf","200 m +",TRUE
"392",22696698,22696698,"Sula leucogaster",1,NA,"/home/shares/ohi/git-annex/globalprep/_raw_data/birdlife_intl/d2018/bli_marine_v2017.dbf","200 m +",TRUE
"393",22696698,22696698,"Sula leucogaster",4,NA,"/home/shares/ohi/git-annex/globalprep/_raw_data/birdlife_intl/d2018/bli_marine_v2017.dbf","200 m +",TRUE
"394",22696694,22696694,"Sula sula",1,NA,"/home/shares/ohi/git-annex/globalprep/_raw_data/birdlife_intl/d2018/bli_marine_v2017.dbf","200 m +",TRUE
"395",22696698,22696698,"Sula leucogaster",3,NA,"/home/shares/ohi/git-annex/globalprep/_raw_data/birdlife_intl/d2018/bli_marine_v2017.dbf","200 m +",TRUE
"396",22696694,22696694,"Sula sula",3,NA,"/home/shares/ohi/git-annex/globalprep/_raw_data/birdlife_intl/d2018/bli_marine_v2017.dbf","200 m +",TRUE
"397",22698182,22698182,"Ardenna bulleri",1,NA,"/home/shares/ohi/git-annex/globalprep/_raw_data/birdlife_intl/d2018/bli_marine_v2017.dbf","200 m +",TRUE
"398",22697987,22697987,"Pterodroma brevipes",1,NA,"/home/shares/ohi/git-annex/globalprep/_raw_data/birdlife_intl/d2018/bli_marine_v2017.dbf","200 m +",TRUE
"399",22696641,22696641,"Phaethon rubricauda",1,NA,"/home/shares/ohi/git-annex/globalprep/_raw_data/birdlife_intl/d2018/bli_marine_v2017.dbf","200 m +",TRUE
"400",22694794,22694794,"Anous stolidus",1,NA,"/home/shares/ohi/git-annex/globalprep/_raw_data/birdlife_intl/d2018/bli_marine_v2017.dbf","200 m +",TRUE
"401",22694799,22694799,"Anous minutus",1,NA,"/home/shares/ohi/git-annex/globalprep/_raw_data/birdlife_intl/d2018/bli_marine_v2017.dbf","200 m +",TRUE
"402",22697738,22697738,"Fregata ariel",1,NA,"/home/shares/ohi/git-annex/globalprep/_raw_data/birdlife_intl/d2018/bli_marine_v2017.dbf","200 m +",TRUE
"403",22696645,22696645,"Phaethon lepturus",4,NA,"/home/shares/ohi/git-annex/globalprep/_raw_data/birdlife_intl/d2018/bli_marine_v2017.dbf","200 m +",TRUE
"404",22696645,22696645,"Phaethon lepturus",1,NA,"/home/shares/ohi/git-annex/globalprep/_raw_data/birdlife_intl/d2018/bli_marine_v2017.dbf","200 m +",TRUE
"405",22694740,22694740,"Onychoprion fuscatus",1,NA,"/home/shares/ohi/git-annex/globalprep/_raw_data/birdlife_intl/d2018/bli_marine_v2017.dbf","200 m +",TRUE
"406",22696645,22696645,"Phaethon lepturus",3,NA,"/home/shares/ohi/git-annex/globalprep/_raw_data/birdlife_intl/d2018/bli_marine_v2017.dbf","200 m +",TRUE
"407",22698188,22698188,"Ardenna carneipes",1,NA,"/home/shares/ohi/git-annex/globalprep/_raw_data/birdlife_intl/d2018/bli_marine_v2017.dbf","200 m +",TRUE
"408",22698175,22698175,"Ardenna pacifica",1,NA,"/home/shares/ohi/git-annex/globalprep/_raw_data/birdlife_intl/d2018/bli_marine_v2017.dbf","200 m +",TRUE
"409",22698216,22698216,"Ardenna tenuirostris",1,NA,"/home/shares/ohi/git-annex/globalprep/_raw_data/birdlife_intl/d2018/bli_marine_v2017.dbf","200 m +",TRUE
"410",22698132,22698132,"Bulweria bulwerii",1,NA,"/home/shares/ohi/git-annex/globalprep/_raw_data/birdlife_intl/d2018/bli_marine_v2017.dbf","200 m +",TRUE
"411",22697733,22697733,"Fregata minor",1,NA,"/home/shares/ohi/git-annex/globalprep/_raw_data/birdlife_intl/d2018/bli_marine_v2017.dbf","200 m +",TRUE
"412",22697733,22697733,"Fregata minor",4,NA,"/home/shares/ohi/git-annex/globalprep/_raw_data/birdlife_intl/d2018/bli_marine_v2017.dbf","200 m +",TRUE
"413",22698209,22698209,"Ardenna grisea",1,NA,"/home/shares/ohi/git-annex/globalprep/_raw_data/birdlife_intl/d2018/bli_marine_v2017.dbf","200 m +",TRUE
"414",22698350,22698350,"Phoebastria nigripes",1,NA,"/home/shares/ohi/git-annex/globalprep/_raw_data/birdlife_intl/d2018/bli_marine_v2017.dbf","200 m +",TRUE
